,37ae912,A.Grishchenko,AK93,AguL,Amtrix,a180285,adrianvidal,alberist,alikhtarov,alin
ACountCursorKind.INTEGER_LITERAL,0,0,0,0,0,0,0,0,0,1
ACursorKind.INTEGER_LITERAL,2,0,0,0,0,0,0,0,0,4
ANode,1,0,0,0,0,0,0,0,0,0
AnswersCursorKind.INIT_LIST_EXPR,0,0,0,0,0,0,0,0,0,2
AnswersCursorKind.INTEGER_LITERAL,0,0,0,0,0,0,0,0,0,4
Astruct Node,1,0,0,0,0,0,0,0,0,0
BCursorKind.INTEGER_LITERAL,2,0,0,0,0,0,0,0,0,5
BNode,1,0,0,0,0,0,0,0,0,0
Bstruct Node,1,0,0,0,0,0,0,0,0,0
CCursorKind.INTEGER_LITERAL,0,0,0,0,0,0,0,0,0,1
CRCursorKind.COMPOUND_STMT,1,0,0,0,0,0,0,0,0,0
CRCursorKind.INTEGER_LITERAL,1,0,0,0,0,0,0,0,0,0
CRcur,1,0,0,0,0,0,0,0,0,0
CRfrom,1,0,0,0,0,0,0,0,0,0
CRi,2,0,0,0,0,0,0,0,0,0
CRstep,1,0,0,0,0,0,0,0,0,0
CarsCursorKind.INTEGER_LITERAL,0,0,0,0,0,0,0,0,0,2
ChainCursorKind.INTEGER_LITERAL,0,0,0,0,0,0,0,0,0,1
ChainEndCursorKind.INTEGER_LITERAL,0,0,0,0,0,0,0,0,0,1
ChainSizeCursorKind.INTEGER_LITERAL,0,0,0,0,0,0,0,0,0,1
ChainStartCursorKind.INTEGER_LITERAL,0,0,0,0,0,0,0,0,0,1
CheckCursorKind.COMPOUND_STMT,0,0,0,0,0,0,0,0,0,1
CheckN,0,0,0,0,0,0,0,0,0,2
CountCursorKind.INTEGER_LITERAL,0,0,0,0,0,0,0,0,0,2
CursorKind.ARRAY_SUBSCRIPT_EXPRA,8,0,0,0,0,0,0,0,0,2
CursorKind.ARRAY_SUBSCRIPT_EXPRACount,0,0,0,0,0,0,0,0,0,2
CursorKind.ARRAY_SUBSCRIPT_EXPRB,4,0,0,0,0,0,0,0,0,5
CursorKind.ARRAY_SUBSCRIPT_EXPRC,0,0,0,0,0,0,0,0,0,3
CursorKind.ARRAY_SUBSCRIPT_EXPRCars,0,0,0,0,0,0,0,0,0,11
CursorKind.ARRAY_SUBSCRIPT_EXPRChain,0,0,0,0,0,0,0,0,0,7
CursorKind.ARRAY_SUBSCRIPT_EXPRChainEnd,0,0,0,0,0,0,0,0,0,4
CursorKind.ARRAY_SUBSCRIPT_EXPRChainSize,0,0,0,0,0,0,0,0,0,6
CursorKind.ARRAY_SUBSCRIPT_EXPRChainStart,0,0,0,0,0,0,0,0,0,5
CursorKind.ARRAY_SUBSCRIPT_EXPRCount,0,0,0,0,0,0,0,0,0,2
CursorKind.ARRAY_SUBSCRIPT_EXPRCursorKind.BINARY_OPERATOR,2,0,0,1,5,2,0,0,0,10
CursorKind.ARRAY_SUBSCRIPT_EXPRCursorKind.CHARACTER_LITERAL,0,0,0,0,0,0,0,2,0,0
CursorKind.ARRAY_SUBSCRIPT_EXPRCursorKind.INTEGER_LITERAL,2,0,0,57,4,3,0,0,0,24
CursorKind.ARRAY_SUBSCRIPT_EXPRCursorKind.UNARY_OPERATOR,0,0,0,1,0,0,1,0,0,0
CursorKind.ARRAY_SUBSCRIPT_EXPRCursorKind.UNEXPOSED_EXPR,12,0,0,57,15,2,0,10,0,47
CursorKind.ARRAY_SUBSCRIPT_EXPREndOnly,0,0,0,0,0,0,0,0,0,4
CursorKind.ARRAY_SUBSCRIPT_EXPREndOnlyN,0,0,0,0,0,0,0,0,0,1
CursorKind.ARRAY_SUBSCRIPT_EXPRLoopChain,0,0,0,0,0,0,0,0,0,1
CursorKind.ARRAY_SUBSCRIPT_EXPRM1,0,0,0,0,0,0,0,0,0,2
CursorKind.ARRAY_SUBSCRIPT_EXPRM2,0,0,0,0,0,0,0,0,0,2
CursorKind.ARRAY_SUBSCRIPT_EXPRMax1,0,0,0,0,0,0,0,0,0,1
CursorKind.ARRAY_SUBSCRIPT_EXPRMax2,0,0,0,0,0,0,0,0,0,1
CursorKind.ARRAY_SUBSCRIPT_EXPRMiddle,0,0,0,0,0,0,0,0,0,5
CursorKind.ARRAY_SUBSCRIPT_EXPRMin1,0,0,0,0,0,0,0,0,0,1
CursorKind.ARRAY_SUBSCRIPT_EXPRMin2,0,0,0,0,0,0,0,0,0,1
CursorKind.ARRAY_SUBSCRIPT_EXPRNChains,0,0,0,0,0,0,0,0,0,6
CursorKind.ARRAY_SUBSCRIPT_EXPRNe,0,0,0,0,0,0,0,0,0,6
CursorKind.ARRAY_SUBSCRIPT_EXPRP,0,0,0,0,0,0,0,0,0,2
CursorKind.ARRAY_SUBSCRIPT_EXPRS,0,0,0,0,0,0,0,0,0,9
CursorKind.ARRAY_SUBSCRIPT_EXPRStartEnd,0,0,0,0,0,0,0,0,0,3
CursorKind.ARRAY_SUBSCRIPT_EXPRStartOnly,0,0,0,0,0,0,0,0,0,5
CursorKind.ARRAY_SUBSCRIPT_EXPRStartOnlyN,0,0,0,0,0,0,0,0,0,2
CursorKind.ARRAY_SUBSCRIPT_EXPRW,0,0,0,0,0,0,0,0,0,10
CursorKind.ARRAY_SUBSCRIPT_EXPRXY,0,0,0,0,0,0,0,0,0,8
CursorKind.ARRAY_SUBSCRIPT_EXPRa,5,0,0,28,0,11,6,0,0,0
CursorKind.ARRAY_SUBSCRIPT_EXPRaa,0,0,0,0,0,0,1,0,0,0
CursorKind.ARRAY_SUBSCRIPT_EXPRat,0,0,0,0,0,3,0,0,0,0
CursorKind.ARRAY_SUBSCRIPT_EXPRb,1,0,0,13,0,4,1,0,0,0
CursorKind.ARRAY_SUBSCRIPT_EXPRblen,0,0,0,0,0,0,0,0,0,2
CursorKind.ARRAY_SUBSCRIPT_EXPRbuf,1,0,0,0,0,0,0,0,0,0
CursorKind.ARRAY_SUBSCRIPT_EXPRc,0,0,0,0,0,0,0,2,0,0
CursorKind.ARRAY_SUBSCRIPT_EXPRc1,0,0,0,0,2,0,0,0,0,0
CursorKind.ARRAY_SUBSCRIPT_EXPRc2,0,0,0,0,5,0,0,0,0,0
CursorKind.ARRAY_SUBSCRIPT_EXPRcA,5,0,0,0,0,0,0,0,0,0
CursorKind.ARRAY_SUBSCRIPT_EXPRca,4,0,0,0,0,0,0,0,0,0
CursorKind.ARRAY_SUBSCRIPT_EXPRcc,0,0,0,7,0,0,0,0,0,0
CursorKind.ARRAY_SUBSCRIPT_EXPRclen,0,0,0,0,0,0,0,0,0,2
CursorKind.ARRAY_SUBSCRIPT_EXPRcr,2,0,0,0,0,0,0,0,0,0
CursorKind.ARRAY_SUBSCRIPT_EXPRcsize,0,1,0,0,0,0,0,0,0,0
CursorKind.ARRAY_SUBSCRIPT_EXPRcur,6,0,0,2,0,0,0,0,0,0
CursorKind.ARRAY_SUBSCRIPT_EXPRcx,0,0,0,0,0,0,0,2,0,0
CursorKind.ARRAY_SUBSCRIPT_EXPRcy,0,0,0,0,0,0,0,3,0,0
CursorKind.ARRAY_SUBSCRIPT_EXPRd,25,0,0,2,4,18,0,0,0,0
CursorKind.ARRAY_SUBSCRIPT_EXPRdp,3,0,0,0,1,0,0,0,0,0
CursorKind.ARRAY_SUBSCRIPT_EXPRdp2,2,0,0,0,0,0,0,0,0,0
CursorKind.ARRAY_SUBSCRIPT_EXPRdpall,4,0,0,0,0,0,0,0,0,0
CursorKind.ARRAY_SUBSCRIPT_EXPRdpone,3,0,0,0,0,0,0,0,0,0
CursorKind.ARRAY_SUBSCRIPT_EXPRdst,0,0,0,0,3,0,0,0,0,0
CursorKind.ARRAY_SUBSCRIPT_EXPRdx,0,0,0,0,10,0,0,0,0,0
CursorKind.ARRAY_SUBSCRIPT_EXPRff,0,0,0,1,0,0,0,0,0,0
CursorKind.ARRAY_SUBSCRIPT_EXPRfirst,0,0,0,0,1,0,0,0,0,0
CursorKind.ARRAY_SUBSCRIPT_EXPRfrom,7,0,0,0,0,0,0,0,0,0
CursorKind.ARRAY_SUBSCRIPT_EXPRh,0,0,0,1,0,0,0,0,0,0
CursorKind.ARRAY_SUBSCRIPT_EXPRhere,0,0,0,0,0,0,1,0,0,0
CursorKind.ARRAY_SUBSCRIPT_EXPRhi,0,0,0,0,4,0,0,0,0,0
CursorKind.ARRAY_SUBSCRIPT_EXPRi,29,0,0,26,22,21,8,1,0,58
CursorKind.ARRAY_SUBSCRIPT_EXPRi1,0,0,0,0,0,0,0,0,0,2
CursorKind.ARRAY_SUBSCRIPT_EXPRindex,1,0,0,0,0,0,0,0,0,0
CursorKind.ARRAY_SUBSCRIPT_EXPRj,24,0,0,0,9,5,4,1,0,15
CursorKind.ARRAY_SUBSCRIPT_EXPRk,9,0,0,0,0,0,0,0,0,7
CursorKind.ARRAY_SUBSCRIPT_EXPRl,0,0,0,0,1,0,0,0,0,0
CursorKind.ARRAY_SUBSCRIPT_EXPRlo,0,0,0,0,3,0,0,0,0,0
CursorKind.ARRAY_SUBSCRIPT_EXPRm,1,0,0,0,0,0,0,0,0,0
CursorKind.ARRAY_SUBSCRIPT_EXPRmake_pair,0,3,0,0,0,0,0,0,0,0
CursorKind.ARRAY_SUBSCRIPT_EXPRmap,0,0,0,0,0,0,0,5,0,0
CursorKind.ARRAY_SUBSCRIPT_EXPRmx,0,0,0,0,3,0,0,0,0,0
CursorKind.ARRAY_SUBSCRIPT_EXPRn,7,0,0,0,2,0,0,0,0,0
CursorKind.ARRAY_SUBSCRIPT_EXPRnew_x,0,0,0,0,0,0,0,4,0,0
CursorKind.ARRAY_SUBSCRIPT_EXPRnew_y,0,0,0,0,0,0,0,3,0,0
CursorKind.ARRAY_SUBSCRIPT_EXPRnum,0,1,0,0,0,0,0,0,0,8
CursorKind.ARRAY_SUBSCRIPT_EXPRp,0,0,0,0,0,6,0,0,0,0
CursorKind.ARRAY_SUBSCRIPT_EXPRpred,0,0,0,0,0,0,1,0,0,0
CursorKind.ARRAY_SUBSCRIPT_EXPRq,0,0,0,5,0,0,0,0,0,0
CursorKind.ARRAY_SUBSCRIPT_EXPRr,0,0,0,0,6,0,0,0,0,0
CursorKind.ARRAY_SUBSCRIPT_EXPRr1,0,0,0,0,2,0,0,0,0,0
CursorKind.ARRAY_SUBSCRIPT_EXPRr2,0,0,0,0,5,0,0,0,0,0
CursorKind.ARRAY_SUBSCRIPT_EXPRrr,0,0,0,5,0,0,0,0,0,0
CursorKind.ARRAY_SUBSCRIPT_EXPRs,0,0,0,0,0,2,0,7,0,0
CursorKind.ARRAY_SUBSCRIPT_EXPRsecond,0,0,0,0,1,0,0,0,0,0
CursorKind.ARRAY_SUBSCRIPT_EXPRsel,0,0,0,0,3,0,0,0,0,0
CursorKind.ARRAY_SUBSCRIPT_EXPRsolx,0,0,0,0,7,0,0,0,0,0
CursorKind.ARRAY_SUBSCRIPT_EXPRsoly,0,0,0,0,7,0,0,0,0,0
CursorKind.ARRAY_SUBSCRIPT_EXPRst,0,0,0,14,0,1,0,0,0,0
CursorKind.ARRAY_SUBSCRIPT_EXPRsum,1,0,0,0,3,3,0,0,0,0
CursorKind.ARRAY_SUBSCRIPT_EXPRsz,0,0,0,0,0,0,1,0,0,0
CursorKind.ARRAY_SUBSCRIPT_EXPRt,0,0,0,0,0,4,0,0,0,0
CursorKind.ARRAY_SUBSCRIPT_EXPRtar,1,0,0,0,0,0,0,0,0,0
CursorKind.ARRAY_SUBSCRIPT_EXPRtmp,0,2,0,0,5,0,0,0,0,0
CursorKind.ARRAY_SUBSCRIPT_EXPRto,0,0,0,0,0,2,0,0,0,0
CursorKind.ARRAY_SUBSCRIPT_EXPRtoposort,0,0,0,0,0,0,2,0,0,0
CursorKind.ARRAY_SUBSCRIPT_EXPRtp,0,1,0,10,0,0,0,0,0,0
CursorKind.ARRAY_SUBSCRIPT_EXPRtto,0,0,0,1,0,0,0,0,0,0
CursorKind.ARRAY_SUBSCRIPT_EXPRtype,3,0,0,0,0,0,0,0,0,0
CursorKind.ARRAY_SUBSCRIPT_EXPRused,0,0,0,0,0,0,0,2,0,0
CursorKind.ARRAY_SUBSCRIPT_EXPRv,0,0,0,1,0,1,0,0,0,0
CursorKind.ARRAY_SUBSCRIPT_EXPRval,0,0,0,0,3,0,0,0,0,0
CursorKind.ARRAY_SUBSCRIPT_EXPRvis,6,0,0,0,0,0,0,0,0,0
CursorKind.ARRAY_SUBSCRIPT_EXPRvising,6,0,0,0,0,0,0,0,0,0
CursorKind.ARRAY_SUBSCRIPT_EXPRvisited,0,0,0,0,2,0,0,0,0,0
CursorKind.ARRAY_SUBSCRIPT_EXPRw,0,0,0,5,0,0,0,0,0,0
CursorKind.ARRAY_SUBSCRIPT_EXPRwas,0,0,0,0,4,0,0,0,0,0
CursorKind.ARRAY_SUBSCRIPT_EXPRx,0,0,0,6,11,0,2,0,0,0
CursorKind.ARRAY_SUBSCRIPT_EXPRy,0,0,0,1,1,0,0,0,0,0
CursorKind.BINARY_OPERATORA,4,3,0,0,0,4,0,0,0,0
CursorKind.BINARY_OPERATORAA,0,0,0,0,0,0,0,0,0,2
CursorKind.BINARY_OPERATORB,4,3,0,0,0,5,0,0,0,0
CursorKind.BINARY_OPERATORBB,0,0,0,0,0,0,0,0,0,1
CursorKind.BINARY_OPERATORC,0,0,0,0,0,0,0,0,0,10
CursorKind.BINARY_OPERATORC1,0,0,0,0,0,0,0,0,0,12
CursorKind.BINARY_OPERATORCursorKind.ARRAY_SUBSCRIPT_EXPR,27,1,0,22,15,3,5,4,0,30
CursorKind.BINARY_OPERATORCursorKind.BINARY_OPERATOR,67,21,11,67,61,33,5,59,21,58
CursorKind.BINARY_OPERATORCursorKind.CALL_EXPR,0,0,0,2,0,0,0,0,0,0
CursorKind.BINARY_OPERATORCursorKind.CHARACTER_LITERAL,0,0,0,0,0,0,0,1,0,2
CursorKind.BINARY_OPERATORCursorKind.CONDITIONAL_OPERATOR,4,0,0,0,0,0,0,0,0,0
CursorKind.BINARY_OPERATORCursorKind.CXX_BOOL_LITERAL_EXPR,10,2,0,11,3,0,1,0,6,2
CursorKind.BINARY_OPERATORCursorKind.FLOATING_LITERAL,7,0,4,3,5,0,0,0,0,6
CursorKind.BINARY_OPERATORCursorKind.INTEGER_LITERAL,67,25,20,46,36,87,10,27,17,174
CursorKind.BINARY_OPERATORCursorKind.PAREN_EXPR,14,4,2,2,10,8,8,16,3,30
CursorKind.BINARY_OPERATORCursorKind.UNARY_OPERATOR,11,0,0,2,11,13,0,4,3,5
CursorKind.BINARY_OPERATORCursorKind.UNEXPOSED_EXPR,40,4,5,77,52,29,7,19,0,65
CursorKind.BINARY_OPERATORF,0,0,0,0,0,0,0,0,0,6
CursorKind.BINARY_OPERATORFree,0,0,0,0,0,0,0,0,0,4
CursorKind.BINARY_OPERATORInChains,0,0,0,0,0,0,0,0,0,2
CursorKind.BINARY_OPERATORL,4,0,0,0,0,0,1,0,0,2
CursorKind.BINARY_OPERATORM,0,0,0,0,0,0,0,0,0,5
CursorKind.BINARY_OPERATORMax1,0,0,0,0,0,0,0,0,0,1
CursorKind.BINARY_OPERATORMax2,0,0,0,0,0,0,0,0,0,1
CursorKind.BINARY_OPERATORMin1,0,0,0,0,0,0,0,0,0,1
CursorKind.BINARY_OPERATORMin2,0,0,0,0,0,0,0,0,0,1
CursorKind.BINARY_OPERATORN,0,8,0,0,0,0,3,0,0,40
CursorKind.BINARY_OPERATORNChains,0,0,0,0,0,0,0,0,0,6
CursorKind.BINARY_OPERATORR,0,0,0,0,0,0,0,0,0,8
CursorKind.BINARY_OPERATORR1,0,0,0,0,0,0,0,0,0,11
CursorKind.BINARY_OPERATORSChains,0,0,0,0,0,0,0,0,0,2
CursorKind.BINARY_OPERATORSolver,0,0,0,0,0,0,0,0,0,5
CursorKind.BINARY_OPERATORT,2,5,0,0,0,9,8,8,0,9
CursorKind.BINARY_OPERATORTime1,0,0,0,0,0,0,0,0,0,3
CursorKind.BINARY_OPERATORTime2,0,0,0,0,0,0,0,0,0,3
CursorKind.BINARY_OPERATORTime3,0,0,0,0,0,0,0,0,0,3
CursorKind.BINARY_OPERATORX,0,0,0,0,0,0,0,0,0,4
CursorKind.BINARY_OPERATOR_,0,0,0,9,0,0,0,0,0,0
CursorKind.BINARY_OPERATOR__,0,0,0,9,0,0,0,0,0,0
CursorKind.BINARY_OPERATORa,2,1,1,4,0,64,0,12,4,0
CursorKind.BINARY_OPERATORa1,0,0,0,0,0,0,0,0,2,0
CursorKind.BINARY_OPERATORaa,0,2,0,0,0,0,0,0,0,0
CursorKind.BINARY_OPERATORadd,0,0,0,0,0,1,0,1,0,0
CursorKind.BINARY_OPERATORadd_c,0,0,0,0,2,0,0,0,0,0
CursorKind.BINARY_OPERATORadd_r,0,0,0,0,2,0,0,0,0,0
CursorKind.BINARY_OPERATORall,0,0,0,0,0,1,0,0,0,0
CursorKind.BINARY_OPERATORans,2,0,0,3,0,5,0,0,0,0
CursorKind.BINARY_OPERATORargc,0,0,0,0,0,0,0,0,0,9
CursorKind.BINARY_OPERATORavg,1,0,0,0,0,1,0,0,0,0
CursorKind.BINARY_OPERATORavg2,2,0,0,0,0,0,0,0,0,0
CursorKind.BINARY_OPERATORb,2,2,1,6,0,68,0,10,4,0
CursorKind.BINARY_OPERATORb1,0,0,0,0,5,0,0,0,2,0
CursorKind.BINARY_OPERATORb2,0,0,0,0,1,0,0,0,0,0
CursorKind.BINARY_OPERATORbad,0,0,0,3,0,0,0,0,0,0
CursorKind.BINARY_OPERATORbase,2,0,0,0,0,0,0,0,0,0
CursorKind.BINARY_OPERATORblen,0,0,0,0,0,0,0,0,0,1
CursorKind.BINARY_OPERATORbuf,0,0,3,0,0,0,0,0,0,0
CursorKind.BINARY_OPERATORc,0,0,1,0,3,0,5,3,0,0
CursorKind.BINARY_OPERATORcase_id,3,0,0,0,0,0,0,0,0,0
CursorKind.BINARY_OPERATORcc,0,0,0,6,0,0,0,0,0,0
CursorKind.BINARY_OPERATORcd,0,0,0,1,0,0,0,0,0,0
CursorKind.BINARY_OPERATORch,0,0,0,34,0,0,0,0,0,0
CursorKind.BINARY_OPERATORchainsize,0,3,0,0,0,0,0,0,0,0
CursorKind.BINARY_OPERATORchanges,0,0,0,0,0,0,0,0,0,1
CursorKind.BINARY_OPERATORcheck2,0,0,2,0,0,0,0,0,0,0
CursorKind.BINARY_OPERATORclen,0,0,0,0,0,0,0,0,0,1
CursorKind.BINARY_OPERATORcn,5,0,0,0,0,0,0,0,0,0
CursorKind.BINARY_OPERATORcnt,1,0,0,0,0,0,0,0,0,0
CursorKind.BINARY_OPERATORcost,0,0,0,0,0,0,0,0,1,0
CursorKind.BINARY_OPERATORcount,0,0,2,0,0,0,0,0,0,0
CursorKind.BINARY_OPERATORcs,2,0,0,0,0,0,8,0,0,0
CursorKind.BINARY_OPERATORcsize,0,3,0,0,0,0,0,0,0,0
CursorKind.BINARY_OPERATORcur,0,0,3,12,0,0,0,0,0,0
CursorKind.BINARY_OPERATORcx,0,0,0,0,0,0,0,11,0,0
CursorKind.BINARY_OPERATORcy,0,0,0,0,0,0,0,8,0,0
CursorKind.BINARY_OPERATORd,5,0,0,0,0,0,0,7,0,0
CursorKind.BINARY_OPERATORdd,0,0,0,1,0,0,0,0,0,0
CursorKind.BINARY_OPERATORdef,0,0,0,0,0,1,0,0,0,0
CursorKind.BINARY_OPERATORdiff,0,0,0,0,2,0,0,0,0,0
CursorKind.BINARY_OPERATORdist1,0,0,0,0,0,0,0,2,0,0
CursorKind.BINARY_OPERATORdist2,0,0,0,0,0,0,0,2,0,0
CursorKind.BINARY_OPERATORdst,0,0,0,0,1,0,0,0,0,0
CursorKind.BINARY_OPERATORdstr,0,0,0,0,1,0,0,0,0,0
CursorKind.BINARY_OPERATORdt,0,0,0,0,0,4,0,0,0,0
CursorKind.BINARY_OPERATORdx,2,0,0,0,5,0,0,0,0,0
CursorKind.BINARY_OPERATORdy,2,0,0,0,0,0,0,0,0,0
CursorKind.BINARY_OPERATORempty,0,0,0,0,0,0,0,0,4,0
CursorKind.BINARY_OPERATOReps,0,0,1,0,12,1,0,0,0,0
CursorKind.BINARY_OPERATOReq,0,0,0,0,0,0,0,0,1,0
CursorKind.BINARY_OPERATORex,0,2,0,0,0,0,0,0,0,0
CursorKind.BINARY_OPERATORf,0,0,0,0,3,1,2,0,0,0
CursorKind.BINARY_OPERATORfail,0,0,0,0,0,0,0,0,3,0
CursorKind.BINARY_OPERATORfcmp,0,0,0,0,0,1,0,0,0,0
CursorKind.BINARY_OPERATORfee,0,0,0,0,0,2,0,0,0,0
CursorKind.BINARY_OPERATORfind_set,0,0,0,0,0,0,0,2,0,0
CursorKind.BINARY_OPERATORfind_set2,0,0,0,0,0,0,0,2,0,0
CursorKind.BINARY_OPERATORfirst,0,3,0,0,1,0,0,0,0,0
CursorKind.BINARY_OPERATORflag,0,0,0,0,0,0,0,0,0,5
CursorKind.BINARY_OPERATORfull,0,0,0,0,0,0,0,0,2,0
CursorKind.BINARY_OPERATORg,0,0,0,0,0,2,0,0,0,0
CursorKind.BINARY_OPERATORgd,0,0,0,1,0,0,0,0,0,0
CursorKind.BINARY_OPERATORguess,0,0,0,0,0,0,0,0,1,0
CursorKind.BINARY_OPERATORh,4,0,0,2,8,0,0,1,0,0
CursorKind.BINARY_OPERATORhave,0,0,0,0,1,0,0,0,0,0
CursorKind.BINARY_OPERATORhi,0,0,0,0,8,0,0,0,0,0
CursorKind.BINARY_OPERATORi,37,13,13,27,19,48,19,17,15,90
CursorKind.BINARY_OPERATORi1,0,0,0,0,0,0,0,0,0,3
CursorKind.BINARY_OPERATORi2,0,0,0,0,0,0,0,0,0,3
CursorKind.BINARY_OPERATORid,0,0,0,0,0,5,0,0,0,0
CursorKind.BINARY_OPERATORii,0,0,0,0,0,0,0,1,0,0
CursorKind.BINARY_OPERATORind,0,0,0,0,0,0,2,0,0,0
CursorKind.BINARY_OPERATORindex,4,0,0,0,0,0,0,0,0,0
CursorKind.BINARY_OPERATORj,22,2,5,1,6,8,5,9,8,39
CursorKind.BINARY_OPERATORjj,0,0,0,0,0,0,0,1,0,0
CursorKind.BINARY_OPERATORk,4,0,5,5,0,0,0,7,0,4
CursorKind.BINARY_OPERATORk1,0,0,0,0,0,0,0,0,2,0
CursorKind.BINARY_OPERATORkk,0,0,0,5,0,0,0,0,0,0
CursorKind.BINARY_OPERATORkol,0,0,1,0,0,0,0,0,0,0
CursorKind.BINARY_OPERATORkp,0,1,0,0,0,0,0,0,0,0
CursorKind.BINARY_OPERATORl,0,0,0,1,0,0,0,0,0,0
CursorKind.BINARY_OPERATORlast,0,2,0,3,0,0,0,0,0,0
CursorKind.BINARY_OPERATORlen,1,0,0,0,0,0,0,0,0,3
CursorKind.BINARY_OPERATORll,0,0,0,2,0,0,0,0,0,0
CursorKind.BINARY_OPERATORlo,0,0,0,0,7,0,0,0,0,0
CursorKind.BINARY_OPERATORlove,0,0,0,0,1,0,0,0,0,0
CursorKind.BINARY_OPERATORm,4,0,4,6,0,0,7,0,1,0
CursorKind.BINARY_OPERATORmax,0,0,0,0,0,0,0,0,0,6
CursorKind.BINARY_OPERATORmax_int,0,2,0,0,0,0,0,0,0,0
CursorKind.BINARY_OPERATORmax_j,0,1,0,0,0,0,0,0,0,0
CursorKind.BINARY_OPERATORmax_w,0,2,0,0,0,0,0,0,0,0
CursorKind.BINARY_OPERATORmaxv,0,0,0,0,2,0,0,0,0,0
CursorKind.BINARY_OPERATORmaxval,0,0,0,0,0,0,2,0,0,0
CursorKind.BINARY_OPERATORmid,0,0,0,0,5,0,0,0,0,0
CursorKind.BINARY_OPERATORmin,3,0,0,0,0,0,0,0,0,0
CursorKind.BINARY_OPERATORmin_m,0,2,0,0,0,0,0,0,0,0
CursorKind.BINARY_OPERATORml,0,0,0,0,0,0,0,1,0,0
CursorKind.BINARY_OPERATORmn,0,0,0,0,0,0,0,0,3,0
CursorKind.BINARY_OPERATORmoney,0,0,0,0,0,4,0,0,0,0
CursorKind.BINARY_OPERATORmsk,0,0,0,3,0,0,0,0,0,0
CursorKind.BINARY_OPERATORmx,0,0,0,1,0,0,0,0,3,0
CursorKind.BINARY_OPERATORn,18,1,6,22,16,11,14,5,11,2
CursorKind.BINARY_OPERATORncase,0,0,0,0,0,0,0,0,9,0
CursorKind.BINARY_OPERATORncases,0,0,0,0,0,0,0,0,9,0
CursorKind.BINARY_OPERATORneed,0,0,0,0,0,0,0,0,1,0
CursorKind.BINARY_OPERATORneq,0,0,0,0,0,0,0,0,1,0
CursorKind.BINARY_OPERATORnew_x,0,0,0,0,0,0,0,11,0,0
CursorKind.BINARY_OPERATORnew_y,0,0,0,0,0,0,0,5,0,0
CursorKind.BINARY_OPERATORnhalf,0,0,0,0,0,0,0,0,2,0
CursorKind.BINARY_OPERATORno,0,0,0,0,0,1,0,0,0,0
CursorKind.BINARY_OPERATORnode,0,0,0,0,0,0,1,0,0,0
CursorKind.BINARY_OPERATORnum,0,3,0,0,0,2,0,0,0,2
CursorKind.BINARY_OPERATORnumlen,0,0,0,0,1,0,0,0,0,0
CursorKind.BINARY_OPERATORok,1,0,0,6,0,2,0,0,0,0
CursorKind.BINARY_OPERATORoo,0,0,0,0,0,3,0,0,0,0
CursorKind.BINARY_OPERATORoperator(),0,0,0,0,0,0,0,0,2,0
CursorKind.BINARY_OPERATORout,0,0,0,0,0,2,0,0,0,0
CursorKind.BINARY_OPERATORp,4,0,0,5,5,13,0,3,1,0
CursorKind.BINARY_OPERATORp1,0,0,0,0,1,0,0,0,0,0
CursorKind.BINARY_OPERATORp2,0,0,0,0,1,0,0,0,0,0
CursorKind.BINARY_OPERATORp3,0,0,0,0,1,0,0,0,0,0
CursorKind.BINARY_OPERATORp4,0,0,0,0,1,0,0,0,0,0
CursorKind.BINARY_OPERATORpic,0,0,0,0,0,2,0,0,0,0
CursorKind.BINARY_OPERATORpossible,0,2,0,0,0,0,0,0,0,0
CursorKind.BINARY_OPERATORppow,0,2,0,0,0,0,0,0,0,0
CursorKind.BINARY_OPERATORpw,0,0,0,0,2,0,0,0,0,0
CursorKind.BINARY_OPERATORqq,0,0,0,12,0,0,0,0,0,0
CursorKind.BINARY_OPERATORr,2,0,0,2,3,0,5,0,0,7
CursorKind.BINARY_OPERATORr1,0,0,0,0,0,0,0,0,0,4
CursorKind.BINARY_OPERATORr2,0,0,0,0,0,0,0,0,0,3
CursorKind.BINARY_OPERATORrazn,0,0,1,0,0,0,0,0,0,0
CursorKind.BINARY_OPERATORrec,0,0,0,0,0,0,0,0,0,3
CursorKind.BINARY_OPERATORres,11,0,6,0,0,0,0,0,0,19
CursorKind.BINARY_OPERATORres1,0,0,0,0,0,0,0,0,0,3
CursorKind.BINARY_OPERATORress,0,0,2,0,0,0,0,0,0,0
CursorKind.BINARY_OPERATORret,2,0,0,0,0,0,0,0,0,0
CursorKind.BINARY_OPERATORroot,0,0,0,0,0,0,0,0,1,0
CursorKind.BINARY_OPERATORs,3,2,0,4,5,1,0,1,0,0
CursorKind.BINARY_OPERATORs2,2,0,0,0,0,0,0,1,0,0
CursorKind.BINARY_OPERATORsc,0,0,0,1,0,0,0,0,0,0
CursorKind.BINARY_OPERATORsecond,0,0,0,0,1,0,0,0,0,0
CursorKind.BINARY_OPERATORsol,0,0,0,0,1,0,0,0,0,0
CursorKind.BINARY_OPERATORsolve,0,0,0,0,3,0,0,0,0,0
CursorKind.BINARY_OPERATORspeed,0,0,0,0,0,0,0,0,2,0
CursorKind.BINARY_OPERATORss,0,0,0,1,0,0,0,0,0,0
CursorKind.BINARY_OPERATORst,0,0,0,0,0,1,0,0,0,0
CursorKind.BINARY_OPERATORstart_x,0,0,0,0,0,0,0,10,0,0
CursorKind.BINARY_OPERATORstart_y,0,0,0,0,0,0,0,3,0,0
CursorKind.BINARY_OPERATORstartones,0,0,0,0,0,0,0,0,3,0
CursorKind.BINARY_OPERATORstate,0,0,0,0,5,0,0,0,0,0
CursorKind.BINARY_OPERATORsum,6,0,0,0,4,2,0,0,0,0
CursorKind.BINARY_OPERATORsup,0,0,0,0,1,0,0,0,0,0
CursorKind.BINARY_OPERATORsx,0,0,0,0,3,0,0,0,0,0
CursorKind.BINARY_OPERATORsz,0,0,0,0,2,0,0,0,0,0
CursorKind.BINARY_OPERATORt,6,0,2,2,15,12,0,14,1,18
CursorKind.BINARY_OPERATORt1,0,0,0,0,0,0,1,0,0,0
CursorKind.BINARY_OPERATORt2,2,0,0,0,0,0,3,0,0,0
CursorKind.BINARY_OPERATORt3,2,0,0,0,0,0,0,0,0,0
CursorKind.BINARY_OPERATORtc,0,5,0,0,0,0,0,0,0,0
CursorKind.BINARY_OPERATORtc_num,0,1,0,0,0,0,0,0,0,0
CursorKind.BINARY_OPERATORten,0,0,0,0,0,2,0,0,0,0
CursorKind.BINARY_OPERATORtest,0,0,5,0,0,0,0,0,0,0
CursorKind.BINARY_OPERATORtest_case,0,1,0,0,0,0,0,0,0,0
CursorKind.BINARY_OPERATORtest_count,0,0,1,0,0,0,0,0,0,0
CursorKind.BINARY_OPERATORtestcase,3,0,0,0,0,0,0,0,0,0
CursorKind.BINARY_OPERATORtests,0,0,0,0,8,0,0,0,0,0
CursorKind.BINARY_OPERATORtmp,0,12,0,0,0,0,0,0,0,0
CursorKind.BINARY_OPERATORtoleft,0,0,0,0,1,0,0,0,0,0
CursorKind.BINARY_OPERATORtp,0,0,0,3,0,0,0,0,0,0
CursorKind.BINARY_OPERATORtt,0,0,2,5,0,0,0,0,0,0
CursorKind.BINARY_OPERATORtx1,0,0,0,0,0,0,0,2,0,0
CursorKind.BINARY_OPERATORtx2,0,0,0,0,0,0,0,1,0,0
CursorKind.BINARY_OPERATORty1,0,0,0,0,0,0,0,1,0,0
CursorKind.BINARY_OPERATORty2,0,0,0,0,0,0,0,2,0,0
CursorKind.BINARY_OPERATORtype,3,0,0,0,0,0,0,0,0,0
CursorKind.BINARY_OPERATORup,0,0,0,0,0,0,0,0,0,3
CursorKind.BINARY_OPERATORv,0,0,0,0,0,17,0,1,0,0
CursorKind.BINARY_OPERATORval,4,0,0,0,2,0,0,0,0,1
CursorKind.BINARY_OPERATORvalid,0,0,0,0,0,0,1,0,0,0
CursorKind.BINARY_OPERATORvis,1,0,0,0,0,0,0,0,0,0
CursorKind.BINARY_OPERATORw,3,0,0,0,8,0,0,1,0,0
CursorKind.BINARY_OPERATORwaiting,0,0,0,0,1,0,0,0,0,0
CursorKind.BINARY_OPERATORwantones,0,0,0,0,0,0,0,0,3,0
CursorKind.BINARY_OPERATORwaterLevel,0,0,0,0,1,0,0,0,0,0
CursorKind.BINARY_OPERATORx,11,0,3,10,0,4,3,13,3,0
CursorKind.BINARY_OPERATORxc,0,0,0,0,0,0,0,9,0,0
CursorKind.BINARY_OPERATORxdelta,2,0,0,0,0,0,0,0,0,0
CursorKind.BINARY_OPERATORxx,0,0,0,0,0,2,0,0,0,0
CursorKind.BINARY_OPERATORy,9,0,0,4,0,0,0,7,3,0
CursorKind.BINARY_OPERATORyc,0,0,0,0,0,0,0,9,0,0
CursorKind.BINARY_OPERATORydelta,2,0,0,0,0,0,0,0,0,0
CursorKind.BINARY_OPERATORyes,0,0,0,0,0,1,0,0,0,0
CursorKind.BINARY_OPERATORz,0,0,0,0,0,0,0,2,0,0
CursorKind.CALL_EXPRCursorKind.BINARY_OPERATOR,0,0,0,2,0,0,0,0,0,0
CursorKind.CALL_EXPRCursorKind.DECL_REF_EXPR,0,0,0,8,0,0,0,0,0,0
CursorKind.CALL_EXPRCursorKind.UNEXPOSED_EXPR,0,0,0,0,0,0,0,0,2,0
CursorKind.CALL_EXPRa,0,0,0,6,0,0,0,0,0,0
CursorKind.CALL_EXPRb,0,0,0,6,0,0,0,0,0,0
CursorKind.COMPOUND_ASSIGNMENT_OPERATORCursorKind.ARRAY_SUBSCRIPT_EXPR,0,0,0,6,2,1,0,0,0,0
CursorKind.COMPOUND_ASSIGNMENT_OPERATORCursorKind.BINARY_OPERATOR,0,1,0,1,3,3,1,0,1,1
CursorKind.COMPOUND_ASSIGNMENT_OPERATORCursorKind.INTEGER_LITERAL,3,1,1,5,4,7,1,1,1,0
CursorKind.COMPOUND_ASSIGNMENT_OPERATORCursorKind.UNEXPOSED_EXPR,4,0,0,23,1,4,0,0,0,0
CursorKind.COMPOUND_ASSIGNMENT_OPERATORTime1,0,0,0,0,0,0,0,0,0,1
CursorKind.COMPOUND_ASSIGNMENT_OPERATORTime3,0,0,0,0,0,0,0,0,0,1
CursorKind.COMPOUND_ASSIGNMENT_OPERATORa,0,0,0,24,0,0,0,0,0,0
CursorKind.COMPOUND_ASSIGNMENT_OPERATORans,0,1,0,2,0,5,0,0,0,0
CursorKind.COMPOUND_ASSIGNMENT_OPERATORb,0,0,0,20,0,0,0,0,0,0
CursorKind.COMPOUND_ASSIGNMENT_OPERATORbase,2,0,0,0,0,0,0,0,0,0
CursorKind.COMPOUND_ASSIGNMENT_OPERATORbuf,0,0,1,0,0,0,0,0,0,0
CursorKind.COMPOUND_ASSIGNMENT_OPERATORc,0,0,0,0,0,0,1,0,0,0
CursorKind.COMPOUND_ASSIGNMENT_OPERATORcc,0,0,0,1,0,0,0,0,0,0
CursorKind.COMPOUND_ASSIGNMENT_OPERATORcur,0,0,1,2,0,0,0,0,0,0
CursorKind.COMPOUND_ASSIGNMENT_OPERATORdiff,0,0,0,0,1,0,0,0,0,0
CursorKind.COMPOUND_ASSIGNMENT_OPERATORdst,0,0,0,0,1,0,0,0,0,0
CursorKind.COMPOUND_ASSIGNMENT_OPERATORdt,0,0,0,0,0,4,0,0,0,0
CursorKind.COMPOUND_ASSIGNMENT_OPERATORextra,0,0,0,0,0,0,0,0,1,0
CursorKind.COMPOUND_ASSIGNMENT_OPERATORf,0,0,1,0,0,0,2,0,0,0
CursorKind.COMPOUND_ASSIGNMENT_OPERATORfee,0,0,0,0,0,1,0,0,0,0
CursorKind.COMPOUND_ASSIGNMENT_OPERATORg,0,0,0,0,0,2,0,0,0,0
CursorKind.COMPOUND_ASSIGNMENT_OPERATORhave,0,0,0,0,1,0,0,0,0,0
CursorKind.COMPOUND_ASSIGNMENT_OPERATORi,1,0,0,0,0,0,0,0,0,0
CursorKind.COMPOUND_ASSIGNMENT_OPERATORk,0,0,0,1,0,0,0,0,0,0
CursorKind.COMPOUND_ASSIGNMENT_OPERATORkk,0,0,0,4,0,0,0,0,0,0
CursorKind.COMPOUND_ASSIGNMENT_OPERATORll,0,0,0,2,0,0,0,0,0,0
CursorKind.COMPOUND_ASSIGNMENT_OPERATORm,0,0,0,0,0,0,1,0,0,0
CursorKind.COMPOUND_ASSIGNMENT_OPERATORmoney,0,0,0,0,0,4,0,0,0,0
CursorKind.COMPOUND_ASSIGNMENT_OPERATORno,0,0,0,0,0,1,0,0,0,0
CursorKind.COMPOUND_ASSIGNMENT_OPERATORother,0,0,0,0,0,1,0,0,0,0
CursorKind.COMPOUND_ASSIGNMENT_OPERATORout,0,0,0,0,0,2,0,0,0,0
CursorKind.COMPOUND_ASSIGNMENT_OPERATORp,0,0,0,0,0,2,0,1,0,0
CursorKind.COMPOUND_ASSIGNMENT_OPERATORp2,0,0,0,0,0,0,0,1,0,0
CursorKind.COMPOUND_ASSIGNMENT_OPERATORpc,0,0,0,0,1,0,0,0,0,0
CursorKind.COMPOUND_ASSIGNMENT_OPERATORpush,0,0,0,0,1,0,0,0,0,0
CursorKind.COMPOUND_ASSIGNMENT_OPERATORpw,0,0,0,0,1,0,0,0,0,0
CursorKind.COMPOUND_ASSIGNMENT_OPERATORr,0,0,0,0,0,0,2,0,0,0
CursorKind.COMPOUND_ASSIGNMENT_OPERATORr2,0,0,0,0,0,0,0,0,0,1
CursorKind.COMPOUND_ASSIGNMENT_OPERATORres,4,0,0,0,0,0,0,0,0,2
CursorKind.COMPOUND_ASSIGNMENT_OPERATORress,0,0,1,0,0,0,0,0,0,0
CursorKind.COMPOUND_ASSIGNMENT_OPERATORret,0,0,0,2,0,1,0,0,0,0
CursorKind.COMPOUND_ASSIGNMENT_OPERATORs,0,0,0,1,0,0,0,0,0,0
CursorKind.COMPOUND_ASSIGNMENT_OPERATORs2,1,0,0,0,0,0,0,0,0,0
CursorKind.COMPOUND_ASSIGNMENT_OPERATORsc,0,0,0,2,0,0,0,0,0,0
CursorKind.COMPOUND_ASSIGNMENT_OPERATORsol,0,0,0,0,1,0,0,0,0,0
CursorKind.COMPOUND_ASSIGNMENT_OPERATORspeed,0,0,0,0,0,0,0,0,1,0
CursorKind.COMPOUND_ASSIGNMENT_OPERATORst,0,0,1,0,0,0,0,0,0,0
CursorKind.COMPOUND_ASSIGNMENT_OPERATORsum,1,0,0,0,0,3,0,0,0,0
CursorKind.COMPOUND_ASSIGNMENT_OPERATORsx,0,0,0,0,1,0,0,0,0,0
CursorKind.COMPOUND_ASSIGNMENT_OPERATORt,0,0,2,0,0,2,2,0,1,0
CursorKind.COMPOUND_ASSIGNMENT_OPERATORt1,0,0,0,0,0,0,1,0,0,0
CursorKind.COMPOUND_ASSIGNMENT_OPERATORten,0,0,0,0,0,1,0,0,0,0
CursorKind.COMPOUND_ASSIGNMENT_OPERATORtest,0,0,0,0,0,1,0,0,0,0
CursorKind.COMPOUND_ASSIGNMENT_OPERATORtmp,0,1,0,0,0,0,1,0,0,0
CursorKind.COMPOUND_ASSIGNMENT_OPERATORtoleft,0,0,0,0,1,0,0,0,0,0
CursorKind.COMPOUND_ASSIGNMENT_OPERATORv,0,0,0,0,0,4,0,0,0,0
CursorKind.COMPOUND_ASSIGNMENT_OPERATORx,0,0,0,0,1,0,0,0,1,0
CursorKind.COMPOUND_ASSIGNMENT_OPERATORxx,0,0,0,0,0,4,0,0,0,0
CursorKind.COMPOUND_ASSIGNMENT_OPERATORyes,0,0,0,0,0,1,0,0,0,0
CursorKind.COMPOUND_ASSIGNMENT_OPERATORz,0,0,0,0,0,0,0,1,0,0
CursorKind.COMPOUND_STMTCR,1,0,0,0,0,0,0,0,0,0
CursorKind.COMPOUND_STMTCursorKind.BINARY_OPERATOR,34,8,4,66,27,16,11,23,5,69
CursorKind.COMPOUND_STMTCursorKind.BREAK_STMT,2,0,0,6,0,2,3,0,0,5
CursorKind.COMPOUND_STMTCursorKind.CALL_EXPR,0,0,0,2,0,0,0,0,0,0
CursorKind.COMPOUND_STMTCursorKind.COMPOUND_ASSIGNMENT_OPERATOR,3,2,4,27,9,22,6,1,3,3
CursorKind.COMPOUND_STMTCursorKind.COMPOUND_STMT,0,0,0,0,0,0,0,1,2,0
CursorKind.COMPOUND_STMTCursorKind.CONTINUE_STMT,0,1,1,0,1,0,0,0,0,6
CursorKind.COMPOUND_STMTCursorKind.DECL_STMT,54,46,32,26,45,57,43,32,75,54
CursorKind.COMPOUND_STMTCursorKind.DO_STMT,0,0,0,0,1,0,0,0,0,0
CursorKind.COMPOUND_STMTCursorKind.FOR_STMT,37,20,16,27,26,26,29,22,22,71
CursorKind.COMPOUND_STMTCursorKind.GOTO_STMT,0,0,0,0,0,0,0,0,1,0
CursorKind.COMPOUND_STMTCursorKind.IF_STMT,31,14,17,22,22,43,12,25,25,83
CursorKind.COMPOUND_STMTCursorKind.NULL_STMT,0,0,0,0,0,0,0,1,0,0
CursorKind.COMPOUND_STMTCursorKind.RETURN_STMT,19,1,8,41,21,45,0,13,4,64
CursorKind.COMPOUND_STMTCursorKind.UNARY_OPERATOR,9,3,2,8,4,5,8,1,3,39
CursorKind.COMPOUND_STMTCursorKind.WHILE_STMT,11,0,1,7,5,10,1,3,2,3
CursorKind.COMPOUND_STMTInit,2,0,0,0,0,0,0,0,0,0
CursorKind.COMPOUND_STMTMerge,1,0,0,0,0,0,0,0,0,0
CursorKind.COMPOUND_STMTdef,0,0,0,0,0,2,0,0,0,0
CursorKind.COMPOUND_STMTdfs,0,0,0,0,0,0,1,0,0,0
CursorKind.COMPOUND_STMTdoit,0,0,0,0,0,7,0,0,0,0
CursorKind.COMPOUND_STMTget,0,0,0,0,0,1,0,0,0,0
CursorKind.COMPOUND_STMTinit,1,0,0,0,0,0,0,0,0,0
CursorKind.COMPOUND_STMToutta,0,0,0,0,0,0,0,0,1,0
CursorKind.COMPOUND_STMTpt,0,0,0,0,0,2,0,0,0,0
CursorKind.COMPOUND_STMTread,0,0,0,0,0,1,0,0,0,0
CursorKind.COMPOUND_STMTrotate,0,0,0,0,0,0,0,2,0,0
CursorKind.COMPOUND_STMTsIO,0,0,0,6,0,0,0,0,0,0
CursorKind.COMPOUND_STMTsolve,0,7,0,0,0,0,0,0,0,0
CursorKind.COMPOUND_STMTsolve_p,0,3,0,0,0,0,0,0,0,0
CursorKind.CONDITIONAL_OPERATORCursorKind.BINARY_OPERATOR,8,0,0,6,0,18,0,0,4,0
CursorKind.CONDITIONAL_OPERATORCursorKind.CXX_BOOL_LITERAL_EXPR,2,0,0,0,0,0,0,0,0,0
CursorKind.CONDITIONAL_OPERATORCursorKind.INTEGER_LITERAL,0,0,0,0,0,0,0,0,2,0
CursorKind.CONDITIONAL_OPERATORCursorKind.PAREN_EXPR,0,0,0,4,0,0,0,0,0,0
CursorKind.CONDITIONAL_OPERATORCursorKind.UNARY_OPERATOR,2,0,0,2,0,0,0,0,0,0
CursorKind.CONDITIONAL_OPERATORCursorKind.UNEXPOSED_EXPR,3,0,0,0,0,0,0,0,0,0
CursorKind.CONDITIONAL_OPERATORINF,1,0,0,0,0,0,0,0,0,0
CursorKind.CONDITIONAL_OPERATORa,0,0,0,0,0,18,0,0,0,0
CursorKind.CONDITIONAL_OPERATORb,0,0,0,0,0,18,0,0,0,0
CursorKind.CONDITIONAL_OPERATORch,0,0,0,4,0,0,0,0,0,0
CursorKind.CONDITIONAL_OPERATORcnt,1,0,0,0,0,0,0,0,0,0
CursorKind.CONDITIONAL_OPERATORok,1,0,0,0,0,0,0,0,0,0
CursorKind.CONDITIONAL_OPERATORx,0,0,0,2,0,0,0,0,0,0
CursorKind.CSTYLE_CAST_EXPRCursorKind.CALL_EXPR,0,0,0,2,0,0,0,0,0,0
CursorKind.CSTYLE_CAST_EXPRT,0,0,0,2,0,0,0,0,0,0
CursorKind.CSTYLE_CAST_EXPRarg1,0,0,0,0,0,0,0,0,0,2
CursorKind.CSTYLE_CAST_EXPRarg2,0,0,0,0,0,0,0,0,0,2
CursorKind.DECL_REF_EXPRgcd,0,0,0,2,0,0,0,0,0,0
CursorKind.DECL_REF_EXPRsqrt,0,0,0,2,0,0,0,0,0,0
CursorKind.DECL_REF_EXPRswap,0,0,0,4,0,0,0,0,0,0
CursorKind.DECL_STMTA,0,1,0,0,0,0,0,0,0,0
CursorKind.DECL_STMTB,0,1,0,0,0,0,0,0,0,0
CursorKind.DECL_STMTC,0,0,0,0,0,0,0,0,0,2
CursorKind.DECL_STMTC1,0,0,0,0,0,0,0,0,0,1
CursorKind.DECL_STMTD,0,1,0,0,0,0,0,0,0,0
CursorKind.DECL_STMTF,0,0,0,0,0,0,0,0,0,1
CursorKind.DECL_STMTFree,0,0,0,0,0,0,0,0,0,1
CursorKind.DECL_STMTL,1,0,0,0,0,0,1,0,0,1
CursorKind.DECL_STMTLsum,0,1,0,0,0,0,0,0,0,0
CursorKind.DECL_STMTM,0,0,0,0,0,0,0,0,0,1
CursorKind.DECL_STMTMax1,0,0,0,0,0,0,0,0,0,1
CursorKind.DECL_STMTMax2,0,0,0,0,0,0,0,0,0,1
CursorKind.DECL_STMTMin1,0,0,0,0,0,0,0,0,0,1
CursorKind.DECL_STMTMin2,0,0,0,0,0,0,0,0,0,1
CursorKind.DECL_STMTN,0,4,0,0,0,0,1,0,0,6
CursorKind.DECL_STMTR,0,0,0,0,0,0,0,0,0,1
CursorKind.DECL_STMTR1,0,0,0,0,0,0,0,0,0,1
CursorKind.DECL_STMTS,0,1,0,0,0,0,0,0,0,0
CursorKind.DECL_STMTT,2,5,0,0,0,9,8,8,0,9
CursorKind.DECL_STMTTime1,0,0,0,0,0,0,0,0,0,1
CursorKind.DECL_STMTTime2,0,0,0,0,0,0,0,0,0,1
CursorKind.DECL_STMTTime3,0,0,0,0,0,0,0,0,0,1
CursorKind.DECL_STMTX,0,0,0,0,0,0,0,0,0,1
CursorKind.DECL_STMT_,0,0,0,9,0,8,0,0,0,0
CursorKind.DECL_STMT__,0,0,0,2,0,0,0,0,0,0
CursorKind.DECL_STMTa,1,1,1,0,0,1,2,3,5,0
CursorKind.DECL_STMTa1,0,0,0,0,0,0,0,0,1,0
CursorKind.DECL_STMTaa,0,1,0,0,0,0,1,0,0,0
CursorKind.DECL_STMTadd,0,0,0,0,0,0,0,1,0,0
CursorKind.DECL_STMTadd_c,0,0,0,0,1,0,0,0,0,0
CursorKind.DECL_STMTadd_r,0,0,0,0,1,0,0,0,0,0
CursorKind.DECL_STMTai,0,0,0,0,0,0,0,0,2,0
CursorKind.DECL_STMTall,0,0,0,0,0,1,0,0,0,0
CursorKind.DECL_STMTans,4,2,0,1,0,9,0,5,6,0
CursorKind.DECL_STMTavg,1,0,0,0,0,1,0,0,0,0
CursorKind.DECL_STMTavg2,1,0,0,0,0,0,0,0,0,0
CursorKind.DECL_STMTb,1,1,1,0,1,0,1,2,4,0
CursorKind.DECL_STMTb1,0,0,0,0,1,0,0,0,1,0
CursorKind.DECL_STMTb2,0,0,0,0,1,0,0,0,0,0
CursorKind.DECL_STMTbase,1,0,0,0,0,0,0,0,0,0
CursorKind.DECL_STMTbest,0,0,0,0,0,0,0,0,4,0
CursorKind.DECL_STMTbi,0,0,0,0,0,0,0,0,3,0
CursorKind.DECL_STMTblen,0,0,0,0,0,0,0,0,0,1
CursorKind.DECL_STMTbuf,0,0,4,0,0,0,0,0,0,0
CursorKind.DECL_STMTc,0,0,1,0,1,0,1,3,1,0
CursorKind.DECL_STMTcap,0,0,0,0,0,0,1,0,0,0
CursorKind.DECL_STMTcase_id,3,0,0,0,0,0,0,0,0,0
CursorKind.DECL_STMTchainsize,0,1,0,0,0,0,0,0,0,0
CursorKind.DECL_STMTchanges,0,0,0,0,0,0,0,0,0,1
CursorKind.DECL_STMTcheat,0,0,0,0,0,0,0,0,1,0
CursorKind.DECL_STMTclen,0,0,0,0,0,0,0,0,0,1
CursorKind.DECL_STMTcnt,3,0,0,0,0,0,0,0,0,0
CursorKind.DECL_STMTcost,0,0,0,0,0,0,0,0,1,0
CursorKind.DECL_STMTcount,0,0,2,0,0,0,0,0,0,0
CursorKind.DECL_STMTcs,6,0,0,0,0,0,8,0,0,0
CursorKind.DECL_STMTcsize,0,1,0,0,0,0,0,0,0,0
CursorKind.DECL_STMTct,1,0,0,0,0,0,0,0,0,0
CursorKind.DECL_STMTctr,0,0,0,0,0,0,2,0,0,0
CursorKind.DECL_STMTctr2,0,0,0,0,0,0,1,0,0,0
CursorKind.DECL_STMTcur,0,0,1,1,0,0,0,0,0,0
CursorKind.DECL_STMTcx,0,0,0,0,0,0,0,1,0,0
CursorKind.DECL_STMTcy,0,0,0,0,0,0,0,1,0,0
CursorKind.DECL_STMTd,1,0,0,0,0,0,2,1,0,0
CursorKind.DECL_STMTdest,0,0,0,0,0,0,1,0,0,0
CursorKind.DECL_STMTdiff,0,0,0,0,1,0,0,0,0,0
CursorKind.DECL_STMTdim,0,0,0,0,0,0,0,1,0,0
CursorKind.DECL_STMTdist1,0,0,0,0,0,0,0,1,0,0
CursorKind.DECL_STMTdist2,0,0,0,0,0,0,0,1,0,0
CursorKind.DECL_STMTdp,0,0,0,0,0,1,0,0,0,0
CursorKind.DECL_STMTdst,0,0,0,0,2,0,0,0,0,0
CursorKind.DECL_STMTdstr,0,0,0,0,1,0,0,0,0,0
CursorKind.DECL_STMTdt,0,0,0,0,0,2,0,0,0,0
CursorKind.DECL_STMTdx,1,0,0,0,0,0,0,0,0,0
CursorKind.DECL_STMTdy,1,0,0,0,0,0,0,0,0,0
CursorKind.DECL_STMTempty,0,0,0,0,0,0,0,0,1,0
CursorKind.DECL_STMTeq,0,0,0,0,0,0,0,0,1,0
CursorKind.DECL_STMTex,0,1,0,0,0,0,0,0,0,0
CursorKind.DECL_STMTextra,0,0,0,0,0,0,0,0,1,0
CursorKind.DECL_STMTf,0,0,1,0,1,1,1,0,0,0
CursorKind.DECL_STMTfail,0,0,0,0,0,0,0,0,1,0
CursorKind.DECL_STMTfilein,0,0,0,0,0,0,0,0,0,9
CursorKind.DECL_STMTfileout,0,0,0,0,0,0,0,0,0,9
CursorKind.DECL_STMTflag,0,0,0,0,0,0,0,0,0,2
CursorKind.DECL_STMTfull,0,0,0,0,0,0,0,0,1,0
CursorKind.DECL_STMTfullrows,0,0,0,0,0,0,0,0,1,0
CursorKind.DECL_STMTg,0,0,0,0,0,2,0,0,0,0
CursorKind.DECL_STMTgraph,0,0,0,0,0,0,0,0,1,0
CursorKind.DECL_STMTguess,0,0,0,0,0,0,0,0,1,0
CursorKind.DECL_STMTh,1,0,0,0,0,0,0,0,0,0
CursorKind.DECL_STMThave,0,0,0,0,1,0,0,0,0,0
CursorKind.DECL_STMThere,0,0,0,0,0,0,1,0,0,0
CursorKind.DECL_STMThi,0,0,0,0,2,0,0,0,0,0
CursorKind.DECL_STMTi,24,11,7,17,13,18,16,8,9,18
CursorKind.DECL_STMTi1,0,0,0,0,0,0,0,0,0,1
CursorKind.DECL_STMTi2,0,0,0,0,0,0,0,0,0,1
CursorKind.DECL_STMTin,0,0,0,0,0,0,0,1,0,0
CursorKind.DECL_STMTind,0,0,0,0,0,0,1,0,0,0
CursorKind.DECL_STMTinside,0,0,0,0,1,0,0,0,0,0
CursorKind.DECL_STMTinv,0,0,0,0,0,0,1,0,0,0
CursorKind.DECL_STMTit,0,0,0,0,0,0,0,0,3,0
CursorKind.DECL_STMTj,12,2,4,1,5,9,5,3,4,8
CursorKind.DECL_STMTk,4,0,1,0,0,8,0,1,1,4
CursorKind.DECL_STMTk1,0,0,0,0,0,0,0,0,1,0
CursorKind.DECL_STMTkey,0,0,0,0,0,0,0,0,2,0
CursorKind.DECL_STMTkk,0,0,0,4,0,0,0,0,0,0
CursorKind.DECL_STMTkp,0,1,0,0,0,0,0,0,1,0
CursorKind.DECL_STMTkp_w,0,1,0,0,0,0,0,0,0,0
CursorKind.DECL_STMTl,0,0,0,1,0,0,0,0,0,0
CursorKind.DECL_STMTlast,0,0,0,1,0,0,0,0,0,0
CursorKind.DECL_STMTlen,1,0,0,0,0,0,0,0,0,2
CursorKind.DECL_STMTll,0,0,0,1,0,0,0,0,0,0
CursorKind.DECL_STMTlo,0,0,0,0,2,0,0,0,0,0
CursorKind.DECL_STMTlove,0,0,0,0,1,0,0,0,0,0
CursorKind.DECL_STMTls,0,0,0,5,0,0,0,0,0,0
CursorKind.DECL_STMTm,0,0,0,0,0,0,1,0,2,0
CursorKind.DECL_STMTmake,0,0,0,0,0,0,0,0,1,0
CursorKind.DECL_STMTmake_pair,0,1,0,0,0,0,0,0,0,0
CursorKind.DECL_STMTmax,0,0,0,0,0,0,0,0,0,2
CursorKind.DECL_STMTmax_dist,0,1,0,0,0,0,0,0,0,0
CursorKind.DECL_STMTmax_int,0,1,0,0,0,0,0,0,0,0
CursorKind.DECL_STMTmax_j,0,1,0,0,0,0,0,0,0,0
CursorKind.DECL_STMTmax_w,0,1,0,0,0,0,0,0,0,0
CursorKind.DECL_STMTmaxval,0,0,0,0,0,0,2,0,0,0
CursorKind.DECL_STMTmid,0,0,0,0,2,0,0,0,0,0
CursorKind.DECL_STMTmin,1,0,0,0,0,0,0,0,0,0
CursorKind.DECL_STMTmin_h,0,1,0,0,0,0,0,0,0,0
CursorKind.DECL_STMTmin_m,0,1,0,0,0,0,0,0,0,0
CursorKind.DECL_STMTminval,0,0,0,0,0,0,2,0,0,0
CursorKind.DECL_STMTml,0,0,0,0,0,0,0,1,0,0
CursorKind.DECL_STMTmn,0,0,0,0,0,0,0,0,1,0
CursorKind.DECL_STMTmsk,0,0,0,1,0,0,0,0,0,0
CursorKind.DECL_STMTmx,0,0,0,1,0,0,0,0,1,0
CursorKind.DECL_STMTn,1,1,2,0,1,1,5,3,5,1
CursorKind.DECL_STMTncase,0,0,0,0,0,0,0,0,9,0
CursorKind.DECL_STMTncases,0,0,0,0,0,0,0,0,9,0
CursorKind.DECL_STMTnd,1,0,0,0,0,0,0,0,0,0
CursorKind.DECL_STMTneed,0,0,0,0,0,0,0,0,1,0
CursorKind.DECL_STMTneq,0,0,0,0,0,0,0,0,1,0
CursorKind.DECL_STMTnew_x,0,0,0,0,0,0,0,1,0,0
CursorKind.DECL_STMTnew_y,0,0,0,0,0,0,0,1,0,0
CursorKind.DECL_STMTnhalf,0,0,0,0,0,0,0,0,1,0
CursorKind.DECL_STMTno,0,0,0,0,0,1,0,0,0,0
CursorKind.DECL_STMTnum,0,1,0,0,0,2,0,0,0,1
CursorKind.DECL_STMTo,0,0,0,0,0,0,0,1,0,0
CursorKind.DECL_STMTok,2,0,0,0,2,1,0,0,0,0
CursorKind.DECL_STMTos,0,4,0,0,0,0,0,0,0,0
CursorKind.DECL_STMTou,0,0,0,0,0,0,0,1,0,0
CursorKind.DECL_STMTout,0,0,0,0,0,1,0,0,4,0
CursorKind.DECL_STMTp,1,1,0,0,0,2,0,2,0,0
CursorKind.DECL_STMTp2,0,0,0,0,0,0,0,1,0,0
CursorKind.DECL_STMTpath,0,0,0,0,0,0,0,0,1,0
CursorKind.DECL_STMTpc,0,0,0,0,1,0,0,0,0,0
CursorKind.DECL_STMTpic,0,0,0,0,0,1,0,0,0,0
CursorKind.DECL_STMTppow,0,1,0,0,0,0,0,0,0,0
CursorKind.DECL_STMTpr,0,0,2,0,0,0,0,0,0,0
CursorKind.DECL_STMTptr,0,0,1,0,0,0,1,0,0,0
CursorKind.DECL_STMTpush,0,0,0,0,1,0,0,0,0,0
CursorKind.DECL_STMTpw,0,0,0,0,1,0,0,0,0,0
CursorKind.DECL_STMTqq,0,0,0,1,0,0,0,0,0,0
CursorKind.DECL_STMTr,1,0,0,1,0,0,1,0,1,1
CursorKind.DECL_STMTr1,0,0,0,0,0,0,0,0,0,2
CursorKind.DECL_STMTr2,0,0,0,0,0,0,0,0,0,2
CursorKind.DECL_STMTradius,0,1,0,0,0,0,0,0,0,0
CursorKind.DECL_STMTrazn,0,0,1,0,0,0,0,0,0,0
CursorKind.DECL_STMTrem,0,0,0,0,0,0,0,0,1,0
CursorKind.DECL_STMTres,7,0,6,0,0,0,0,0,0,13
CursorKind.DECL_STMTres1,0,0,0,0,0,0,0,0,0,2
CursorKind.DECL_STMTres2,0,0,0,0,0,0,0,0,0,1
CursorKind.DECL_STMTress,0,0,1,0,0,0,0,0,0,0
CursorKind.DECL_STMTrest,0,0,0,0,0,0,0,0,0,1
CursorKind.DECL_STMTret,1,0,0,8,1,1,0,0,0,0
CursorKind.DECL_STMTrm,0,0,0,0,0,0,0,0,1,0
CursorKind.DECL_STMTroot,0,0,0,0,0,0,0,0,1,0
CursorKind.DECL_STMTrow,0,0,0,0,0,0,0,0,1,0
CursorKind.DECL_STMTs,1,6,0,0,1,4,0,2,4,0
CursorKind.DECL_STMTs1,0,0,0,0,1,0,0,0,0,0
CursorKind.DECL_STMTs2,1,0,0,0,0,0,0,0,0,0
CursorKind.DECL_STMTsituation,0,1,0,0,0,0,0,0,0,0
CursorKind.DECL_STMTsn,0,0,0,0,0,1,0,0,0,0
CursorKind.DECL_STMTsol,0,0,0,0,3,0,0,0,0,0
CursorKind.DECL_STMTsolve,0,0,0,0,0,0,0,0,1,0
CursorKind.DECL_STMTspeed,0,0,0,0,0,0,0,0,1,0
CursorKind.DECL_STMTsrc,0,0,0,0,0,0,1,0,0,0
CursorKind.DECL_STMTss,0,0,0,6,0,0,0,0,0,0
CursorKind.DECL_STMTst,0,0,1,0,0,1,0,0,0,0
CursorKind.DECL_STMTstars,0,0,0,0,0,0,0,1,0,0
CursorKind.DECL_STMTstart_x,0,0,0,0,0,0,0,1,0,0
CursorKind.DECL_STMTstart_y,0,0,0,0,0,0,0,1,0,0
CursorKind.DECL_STMTstartones,0,0,0,0,0,0,0,0,1,0
CursorKind.DECL_STMTstate,0,0,0,0,1,0,0,0,0,0
CursorKind.DECL_STMTsum,0,0,0,0,0,1,0,0,0,0
CursorKind.DECL_STMTsv,0,0,0,0,0,0,0,0,1,0
CursorKind.DECL_STMTsw,0,0,0,0,0,0,0,0,0,1
CursorKind.DECL_STMTsz,0,0,2,0,1,0,0,0,0,0
CursorKind.DECL_STMTt,3,0,3,0,9,1,1,8,1,9
CursorKind.DECL_STMTt1,0,0,0,0,0,0,1,0,0,0
CursorKind.DECL_STMTt2,1,0,0,0,0,0,1,0,0,0
CursorKind.DECL_STMTt3,1,0,0,0,0,0,0,0,0,0
CursorKind.DECL_STMTtc,0,5,0,0,0,0,0,0,0,0
CursorKind.DECL_STMTtc_num,0,1,0,0,0,0,0,0,0,0
CursorKind.DECL_STMTtest,0,0,5,0,0,0,0,0,0,0
CursorKind.DECL_STMTtest_case,0,1,0,0,0,0,0,0,0,0
CursorKind.DECL_STMTtest_count,0,0,1,0,0,0,0,0,0,0
CursorKind.DECL_STMTtestcase,3,0,0,0,0,0,0,0,0,0
CursorKind.DECL_STMTtests,0,0,0,0,8,0,0,0,0,0
CursorKind.DECL_STMTtmp,0,1,0,0,0,0,3,0,0,0
CursorKind.DECL_STMTtoleft,0,0,0,0,1,0,0,0,0,0
CursorKind.DECL_STMTtp,0,1,0,0,0,0,0,0,0,0
CursorKind.DECL_STMTtr,0,0,0,0,0,0,0,0,1,0
CursorKind.DECL_STMTtrain_res,0,1,0,0,0,0,0,0,0,0
CursorKind.DECL_STMTtrain_set,0,1,0,0,0,0,0,0,0,0
CursorKind.DECL_STMTtt,0,0,2,0,0,0,0,0,0,0
CursorKind.DECL_STMTtto,0,0,0,1,0,0,0,0,0,0
CursorKind.DECL_STMTtwo,0,0,0,0,0,0,0,0,1,0
CursorKind.DECL_STMTtx1,0,0,0,0,0,0,0,1,0,0
CursorKind.DECL_STMTtx2,0,0,0,0,0,0,0,1,0,0
CursorKind.DECL_STMTty1,0,0,0,0,0,0,0,1,0,0
CursorKind.DECL_STMTty2,0,0,0,0,0,0,0,1,0,0
CursorKind.DECL_STMTtype,2,0,0,0,0,0,0,0,0,0
CursorKind.DECL_STMTused,0,0,0,0,0,0,0,1,0,0
CursorKind.DECL_STMTv,0,0,0,0,0,1,0,1,0,0
CursorKind.DECL_STMTval,0,0,0,0,1,0,0,0,0,1
CursorKind.DECL_STMTvalid,0,0,0,0,0,0,1,0,0,0
CursorKind.DECL_STMTvis,1,0,0,0,0,0,0,0,0,0
CursorKind.DECL_STMTw,1,0,0,0,2,0,0,0,0,0
CursorKind.DECL_STMTwantones,0,0,0,0,0,0,0,0,1,0
CursorKind.DECL_STMTwaterLevel,0,0,0,0,1,0,0,0,0,0
CursorKind.DECL_STMTwin,0,0,0,0,0,0,0,0,1,0
CursorKind.DECL_STMTx,1,0,3,0,1,1,3,1,3,0
CursorKind.DECL_STMTxdelta,1,0,0,0,0,0,0,0,0,0
CursorKind.DECL_STMTy,1,0,0,0,0,0,0,0,1,0
CursorKind.DECL_STMTydelta,1,0,0,0,0,0,0,0,0,0
CursorKind.DECL_STMTyes,0,0,0,0,0,1,0,0,0,0
CursorKind.DECL_STMTz,0,0,0,0,0,0,0,1,0,0
CursorKind.DECL_STMTzero,1,0,0,0,0,0,0,0,0,0
CursorKind.DO_STMTCursorKind.BINARY_OPERATOR,0,0,0,0,1,0,0,0,0,0
CursorKind.DO_STMTCursorKind.COMPOUND_STMT,0,0,0,0,1,0,0,0,0,0
CursorKind.FOR_STMTCursorKind.BINARY_OPERATOR,38,20,16,27,27,46,30,23,22,138
CursorKind.FOR_STMTCursorKind.COMPOUND_ASSIGNMENT_OPERATOR,1,0,0,0,1,4,0,0,0,0
CursorKind.FOR_STMTCursorKind.COMPOUND_STMT,34,19,16,19,24,21,28,9,22,71
CursorKind.FOR_STMTCursorKind.DECL_STMT,37,20,16,27,26,4,29,22,22,3
CursorKind.FOR_STMTCursorKind.FOR_STMT,0,0,0,0,0,0,0,1,0,0
CursorKind.FOR_STMTCursorKind.IF_STMT,1,1,0,8,0,2,0,5,0,0
CursorKind.FOR_STMTCursorKind.UNARY_OPERATOR,37,20,16,27,26,26,29,21,22,71
CursorKind.FOR_STMTCursorKind.UNEXPOSED_EXPR,0,0,0,0,0,0,0,2,0,0
CursorKind.FOR_STMTsolve,0,0,0,0,0,0,0,6,0,0
CursorKind.GOTO_STMToutta,0,0,0,0,0,0,0,0,1,0
CursorKind.IF_STMTCheck,0,0,0,0,0,0,0,0,0,1
CursorKind.IF_STMTCursorKind.BINARY_OPERATOR,45,12,14,26,24,61,5,30,15,57
CursorKind.IF_STMTCursorKind.BREAK_STMT,1,1,1,1,0,2,0,2,0,0
CursorKind.IF_STMTCursorKind.CALL_EXPR,0,0,0,2,0,0,0,0,0,0
CursorKind.IF_STMTCursorKind.COMPOUND_ASSIGNMENT_OPERATOR,3,0,0,5,0,1,0,0,0,0
CursorKind.IF_STMTCursorKind.COMPOUND_STMT,11,11,15,18,13,7,13,17,30,95
CursorKind.IF_STMTCursorKind.CONTINUE_STMT,4,1,0,0,5,1,2,1,0,0
CursorKind.IF_STMTCursorKind.CXX_THROW_EXPR,0,0,0,0,0,0,0,1,0,0
CursorKind.IF_STMTCursorKind.IF_STMT,3,1,0,3,3,0,1,6,5,4
CursorKind.IF_STMTCursorKind.NULL_STMT,0,0,0,0,0,2,2,1,1,0
CursorKind.IF_STMTCursorKind.RETURN_STMT,2,2,2,7,1,13,0,7,0,4
CursorKind.IF_STMTCursorKind.UNARY_OPERATOR,5,2,2,6,4,2,1,11,3,0
CursorKind.IF_STMTCursorKind.UNEXPOSED_EXPR,3,4,5,4,1,4,8,6,15,28
CursorKind.IF_STMTDFS,1,0,0,0,0,0,0,0,0,0
CursorKind.IF_STMTa1,0,0,0,0,0,0,0,0,1,0
CursorKind.IF_STMTb,0,0,0,0,1,0,0,0,0,0
CursorKind.IF_STMTb1,0,0,0,0,0,0,0,0,1,0
CursorKind.IF_STMTcheck,0,0,0,0,0,0,0,1,0,0
CursorKind.IF_STMTdfs,0,0,0,2,0,0,0,0,0,0
CursorKind.IF_STMTf,0,0,0,0,0,1,0,0,0,0
CursorKind.IF_STMTflag,0,0,0,0,0,0,0,0,0,2
CursorKind.IF_STMTmove,0,0,0,0,0,0,0,1,0,0
CursorKind.IF_STMTpossible,0,1,0,0,0,0,0,0,0,0
CursorKind.IF_STMTrotate,0,0,0,0,0,0,0,4,0,0
CursorKind.IF_STMTstate,0,0,0,0,3,0,0,0,0,0
CursorKind.IF_STMTtr,0,0,0,0,0,0,0,0,1,0
"CursorKind.INIT_LIST_EXPR""Bad magician!""",0,0,0,0,0,0,0,0,0,2
"CursorKind.INIT_LIST_EXPR""Volunteer cheated!""",0,0,0,0,0,0,0,0,0,2
CursorKind.INIT_LIST_EXPRCursorKind.CHARACTER_LITERAL,0,0,0,0,26,0,0,0,0,0
CursorKind.INIT_LIST_EXPRCursorKind.INIT_LIST_EXPR,0,0,0,0,0,0,0,6,0,0
CursorKind.INIT_LIST_EXPRCursorKind.INTEGER_LITERAL,26,8,10,0,6,0,10,8,0,0
CursorKind.INIT_LIST_EXPRCursorKind.UNARY_OPERATOR,0,0,6,0,2,0,6,4,0,0
CursorKind.LAMBDA_EXPRCursorKind.COMPOUND_STMT,0,0,0,0,0,0,0,0,2,0
CursorKind.LAMBDA_EXPRc,0,0,0,0,0,0,0,0,1,0
CursorKind.LAMBDA_EXPRr,0,0,0,0,0,0,0,0,1,0
CursorKind.LAMBDA_EXPRx,0,0,0,0,0,0,0,0,1,0
CursorKind.PAREN_EXPRCursorKind.BINARY_OPERATOR,15,4,2,18,12,13,8,16,5,32
CursorKind.PAREN_EXPRCursorKind.CONDITIONAL_OPERATOR,0,0,0,0,0,0,0,0,2,0
CursorKind.PAREN_EXPRn,0,0,0,0,0,9,0,0,0,0
CursorKind.PAREN_EXPRs,0,0,0,0,0,1,0,0,0,0
CursorKind.PAREN_EXPRsn,0,0,0,0,0,1,0,0,0,0
CursorKind.RETURN_STMTCursorKind.BINARY_OPERATOR,3,0,1,6,2,7,0,3,1,1
CursorKind.RETURN_STMTCursorKind.CONDITIONAL_OPERATOR,1,0,0,2,0,18,0,0,0,0
CursorKind.RETURN_STMTCursorKind.CXX_BOOL_LITERAL_EXPR,4,0,3,9,6,0,0,3,2,0
CursorKind.RETURN_STMTCursorKind.INTEGER_LITERAL,9,0,5,9,8,10,0,8,0,52
CursorKind.RETURN_STMTCursorKind.PAREN_EXPR,0,0,0,8,0,0,0,0,0,0
CursorKind.RETURN_STMTCursorKind.UNARY_OPERATOR,0,0,1,0,0,1,0,0,0,4
CursorKind.RETURN_STMTCursorKind.UNEXPOSED_EXPR,2,0,0,5,4,10,0,4,0,0
CursorKind.RETURN_STMTa,0,0,0,2,0,0,0,0,0,0
CursorKind.RETURN_STMTans,0,0,0,0,0,4,0,0,0,0
CursorKind.RETURN_STMTbest,0,0,0,0,0,0,0,0,1,0
CursorKind.RETURN_STMTchanges,0,0,0,0,0,0,0,0,0,1
CursorKind.RETURN_STMTmax,0,0,0,0,0,0,0,0,0,1
CursorKind.RETURN_STMTmx,0,0,0,1,0,0,0,0,0,0
CursorKind.RETURN_STMTnum,0,0,0,0,0,2,0,0,0,0
CursorKind.RETURN_STMToo,0,0,0,0,0,2,0,0,0,0
CursorKind.RETURN_STMTres,1,0,0,0,0,0,0,0,0,2
CursorKind.RETURN_STMTret,0,0,0,6,1,1,0,0,0,0
CursorKind.RETURN_STMTsgn,0,0,0,0,0,1,0,0,0,0
CursorKind.RETURN_STMTstate,0,0,0,0,1,0,0,0,0,0
CursorKind.RETURN_STMTv,0,0,0,0,0,1,0,2,0,0
CursorKind.RETURN_STMTval,0,0,0,0,0,0,0,0,0,1
CursorKind.UNARY_OPERATORC1,0,0,0,0,0,0,0,0,0,1
CursorKind.UNARY_OPERATORCursorKind.ARRAY_SUBSCRIPT_EXPR,0,0,0,0,0,0,2,0,0,12
CursorKind.UNARY_OPERATORCursorKind.CSTYLE_CAST_EXPR,0,0,0,0,0,0,0,0,0,4
CursorKind.UNARY_OPERATORCursorKind.INTEGER_LITERAL,5,1,7,1,7,1,7,4,1,10
CursorKind.UNARY_OPERATORCursorKind.PAREN_EXPR,0,0,0,2,0,0,0,0,0,0
CursorKind.UNARY_OPERATORCursorKind.UNEXPOSED_EXPR,0,0,0,0,0,0,0,1,1,0
CursorKind.UNARY_OPERATORInChains,0,0,0,0,0,0,0,0,0,4
CursorKind.UNARY_OPERATORL,2,0,0,0,0,0,0,0,0,0
CursorKind.UNARY_OPERATORMax1,0,0,0,0,0,0,0,0,0,2
CursorKind.UNARY_OPERATORMax2,0,0,0,0,0,0,0,0,0,2
CursorKind.UNARY_OPERATORMin1,0,0,0,0,0,0,0,0,0,2
CursorKind.UNARY_OPERATORMin2,0,0,0,0,0,0,0,0,0,2
CursorKind.UNARY_OPERATORN,0,0,0,0,0,0,0,0,0,1
CursorKind.UNARY_OPERATORNChains,0,0,0,0,0,0,0,0,0,3
CursorKind.UNARY_OPERATORR1,0,0,0,0,0,0,0,0,0,1
CursorKind.UNARY_OPERATORS,0,1,0,0,0,0,0,0,0,0
CursorKind.UNARY_OPERATORSChains,0,0,0,0,0,0,0,0,0,2
CursorKind.UNARY_OPERATOR_,0,0,0,9,0,8,0,0,0,0
CursorKind.UNARY_OPERATORa,0,0,0,0,0,0,3,0,1,0
CursorKind.UNARY_OPERATORaa,0,1,0,0,0,0,0,0,0,0
CursorKind.UNARY_OPERATORans,2,2,0,2,0,2,0,4,2,0
CursorKind.UNARY_OPERATORb,0,0,0,0,0,0,1,0,0,0
CursorKind.UNARY_OPERATORblen,0,0,0,0,0,0,0,0,0,1
CursorKind.UNARY_OPERATORbuf,0,0,1,0,0,0,0,0,0,0
CursorKind.UNARY_OPERATORc,0,0,0,0,0,0,0,5,0,0
CursorKind.UNARY_OPERATORcase_id,3,0,0,0,0,0,0,0,0,0
CursorKind.UNARY_OPERATORcc,0,0,0,2,0,0,0,0,0,0
CursorKind.UNARY_OPERATORcd,0,0,0,2,0,0,0,0,0,0
CursorKind.UNARY_OPERATORchainsize,0,1,0,0,0,0,0,0,0,0
CursorKind.UNARY_OPERATORclen,0,0,0,0,0,0,0,0,0,1
CursorKind.UNARY_OPERATORcnt,3,0,0,0,0,0,0,0,0,0
CursorKind.UNARY_OPERATORcount,0,0,1,0,0,0,0,0,0,0
CursorKind.UNARY_OPERATORcs,4,0,0,0,0,0,8,0,0,0
CursorKind.UNARY_OPERATORct,1,0,0,0,0,0,0,0,0,0
CursorKind.UNARY_OPERATORctr,0,0,0,0,0,0,1,0,0,0
CursorKind.UNARY_OPERATORctr2,0,0,0,0,0,0,1,0,0,0
CursorKind.UNARY_OPERATOReps,0,0,0,0,1,1,0,0,0,0
CursorKind.UNARY_OPERATOReq,0,0,0,0,0,0,0,0,1,0
CursorKind.UNARY_OPERATORf,0,0,0,0,1,0,0,0,0,0
CursorKind.UNARY_OPERATORg,0,0,0,0,0,3,0,0,0,0
CursorKind.UNARY_OPERATORgd,0,0,0,2,0,0,0,0,0,0
CursorKind.UNARY_OPERATORh,0,0,0,1,0,0,0,0,0,0
CursorKind.UNARY_OPERATORi,24,11,7,16,13,22,16,10,7,40
CursorKind.UNARY_OPERATORi1,0,0,0,0,0,0,0,0,0,1
CursorKind.UNARY_OPERATORi2,0,0,0,0,0,0,0,0,0,1
CursorKind.UNARY_OPERATORind,0,0,0,0,0,0,1,0,0,0
CursorKind.UNARY_OPERATORinv,0,0,0,0,0,0,1,0,0,0
CursorKind.UNARY_OPERATORj,10,1,4,1,5,3,5,3,4,17
CursorKind.UNARY_OPERATORk,4,0,0,1,0,0,0,0,1,2
CursorKind.UNARY_OPERATORmsk,0,0,0,1,0,0,0,0,0,0
CursorKind.UNARY_OPERATORn,3,0,0,0,0,0,0,0,0,1
CursorKind.UNARY_OPERATORncase,0,0,0,0,0,0,0,0,9,0
CursorKind.UNARY_OPERATORneq,0,0,0,0,0,0,0,0,1,0
CursorKind.UNARY_OPERATORnew_x,0,0,0,0,0,0,0,2,0,0
CursorKind.UNARY_OPERATORnew_y,0,0,0,0,0,0,0,2,0,0
CursorKind.UNARY_OPERATORnhalf,0,0,0,0,0,0,0,0,1,0
CursorKind.UNARY_OPERATORnum,0,1,0,0,0,5,0,0,0,1
CursorKind.UNARY_OPERATORo,0,0,0,0,0,0,0,2,0,0
CursorKind.UNARY_OPERATORok,0,0,0,0,1,0,0,0,0,0
CursorKind.UNARY_OPERATORp,0,0,0,0,0,1,0,0,0,0
CursorKind.UNARY_OPERATORpossible,0,1,0,0,0,0,0,0,0,0
CursorKind.UNARY_OPERATORqq,0,0,0,1,0,0,0,0,0,0
CursorKind.UNARY_OPERATORr1,0,0,0,0,0,0,0,0,0,1
CursorKind.UNARY_OPERATORres,3,0,2,0,0,0,0,0,0,0
CursorKind.UNARY_OPERATORres1,0,0,0,0,0,0,0,0,0,2
CursorKind.UNARY_OPERATORres2,0,0,0,0,0,0,0,0,0,1
CursorKind.UNARY_OPERATORret,0,0,0,0,1,0,0,0,0,0
CursorKind.UNARY_OPERATORroot,0,0,0,0,0,0,0,0,1,0
CursorKind.UNARY_OPERATORs,2,0,0,0,2,0,0,1,0,0
CursorKind.UNARY_OPERATORsol,0,0,0,0,2,0,0,0,0,0
CursorKind.UNARY_OPERATORstep,1,0,0,0,0,0,0,0,0,0
CursorKind.UNARY_OPERATORsup,0,0,0,0,1,0,0,0,0,0
CursorKind.UNARY_OPERATORsz,0,0,0,0,1,0,0,0,0,0
CursorKind.UNARY_OPERATORt,0,0,2,1,12,1,0,8,0,9
CursorKind.UNARY_OPERATORtc,0,5,0,0,0,0,0,0,0,0
CursorKind.UNARY_OPERATORtest,0,0,1,0,0,0,0,0,0,0
CursorKind.UNARY_OPERATORtest_case,0,1,0,0,0,0,0,0,0,0
CursorKind.UNARY_OPERATORtp,0,0,0,4,0,0,0,0,0,0
CursorKind.UNARY_OPERATORtt,0,0,2,0,0,0,0,0,0,0
CursorKind.UNARY_OPERATORtwo,0,0,0,0,0,0,0,0,1,0
CursorKind.UNARY_OPERATORtx1,0,0,0,0,0,0,0,2,0,0
CursorKind.UNARY_OPERATORty2,0,0,0,0,0,0,0,2,0,0
CursorKind.UNARY_OPERATORvis,1,0,0,0,0,0,0,0,0,0
CursorKind.UNARY_OPERATORw,0,0,0,0,1,0,0,0,0,0
CursorKind.UNARY_OPERATORx,0,0,0,5,0,0,0,0,0,0
CursorKind.UNARY_OPERATORy,0,0,0,1,0,0,0,0,0,0
CursorKind.UNEXPOSED_EXPRCursorKind.ARRAY_SUBSCRIPT_EXPR,59,3,0,94,59,18,7,17,0,104
CursorKind.UNEXPOSED_EXPRCursorKind.BINARY_OPERATOR,4,2,4,3,8,11,0,1,0,0
CursorKind.UNEXPOSED_EXPRCursorKind.CALL_EXPR,0,0,0,0,0,0,0,0,2,0
CursorKind.UNEXPOSED_EXPRCursorKind.CHARACTER_LITERAL,1,0,0,28,0,0,0,9,0,4
CursorKind.UNEXPOSED_EXPRCursorKind.COMPOUND_ASSIGNMENT_OPERATOR,0,0,0,16,0,0,0,0,0,0
CursorKind.UNEXPOSED_EXPRCursorKind.CONDITIONAL_OPERATOR,1,0,0,4,0,0,0,0,0,0
CursorKind.UNEXPOSED_EXPRCursorKind.CXX_BOOL_LITERAL_EXPR,0,0,0,1,3,0,0,0,0,0
CursorKind.UNEXPOSED_EXPRCursorKind.FLOATING_LITERAL,0,0,2,0,0,0,0,0,0,0
CursorKind.UNEXPOSED_EXPRCursorKind.INTEGER_LITERAL,7,2,7,13,8,9,4,7,0,0
CursorKind.UNEXPOSED_EXPRCursorKind.LAMBDA_EXPR,0,0,0,0,0,0,0,0,2,0
CursorKind.UNEXPOSED_EXPRCursorKind.PAREN_EXPR,1,0,0,2,2,16,0,0,1,2
CursorKind.UNEXPOSED_EXPRCursorKind.UNARY_OPERATOR,2,0,0,5,1,0,0,5,0,4
CursorKind.UNEXPOSED_EXPRCursorKind.UNEXPOSED_EXPR,1,2,0,10,4,2,0,10,0,17
CursorKind.USING_DIRECTIVEstd,7,9,9,9,9,9,9,6,9,0
CursorKind.WHILE_STMTCursorKind.BINARY_OPERATOR,8,0,0,3,2,12,0,2,1,3
CursorKind.WHILE_STMTCursorKind.COMPOUND_ASSIGNMENT_OPERATOR,1,0,0,0,0,0,0,1,0,0
CursorKind.WHILE_STMTCursorKind.COMPOUND_STMT,10,0,1,7,3,8,1,2,2,3
CursorKind.WHILE_STMTCursorKind.CXX_BOOL_LITERAL_EXPR,0,0,0,0,0,0,1,0,0,0
CursorKind.WHILE_STMTCursorKind.NULL_STMT,0,0,0,0,2,0,0,0,0,0
CursorKind.WHILE_STMTCursorKind.UNEXPOSED_EXPR,3,0,1,0,2,0,0,1,0,0
CursorKind.WHILE_STMTb,0,0,0,4,0,0,0,0,0,0
CursorKind.WHILE_STMTx,0,0,0,0,1,0,0,0,1,0
DFSCursorKind.COMPOUND_STMT,1,0,0,0,0,0,0,0,0,0
DFSfrom,1,0,0,0,0,0,0,0,0,0
DFSi,2,0,0,0,0,0,0,0,0,0
DFStar,1,0,0,0,0,0,0,0,0,0
DevicesCursorKind.INTEGER_LITERAL,0,0,0,0,0,0,0,0,0,2
EPSCursorKind.FLOATING_LITERAL,0,0,0,2,0,0,0,0,0,0
EndOnlyCursorKind.INTEGER_LITERAL,0,0,0,0,0,0,0,0,0,1
EndOnlyNCursorKind.INTEGER_LITERAL,0,0,0,0,0,0,0,0,0,1
FCountCursorKind.INTEGER_LITERAL,0,0,0,0,0,0,0,0,0,1
FreeCursorKind.BINARY_OPERATOR,0,0,0,0,0,0,0,0,0,1
INFCursorKind.BINARY_OPERATOR,1,0,0,0,0,0,0,0,0,0
INFCursorKind.INTEGER_LITERAL,0,0,0,2,0,0,0,0,0,0
InitCursorKind.COMPOUND_STMT,2,0,0,0,0,0,0,0,0,0
LCursorKind.BINARY_OPERATOR,1,0,0,0,0,0,0,0,0,0
LINFCursorKind.INTEGER_LITERAL,0,0,0,2,0,0,0,0,0,0
LINFll,0,0,0,2,0,0,0,0,0,0
LoopChainCursorKind.INTEGER_LITERAL,0,0,0,0,0,0,0,0,0,1
LsumCursorKind.INTEGER_LITERAL,0,1,0,0,0,0,0,0,0,0
M1CursorKind.INTEGER_LITERAL,0,0,0,0,0,0,0,0,0,1
M2CursorKind.INTEGER_LITERAL,0,0,0,0,0,0,0,0,0,1
MAXCursorKind.COMPOUND_STMT,0,0,0,0,0,9,0,0,0,0
MAXT,0,0,0,0,0,18,0,0,0,0
MAXa,0,0,0,0,0,9,0,0,0,0
MAXb,0,0,0,0,0,9,0,0,0,0
MCursorKind.INTEGER_LITERAL,0,0,0,0,0,9,0,0,0,0
MDCursorKind.INTEGER_LITERAL,0,0,0,2,0,0,0,0,0,0
MINCursorKind.COMPOUND_STMT,0,0,0,0,0,9,0,0,0,0
MINT,0,0,0,0,0,18,0,0,0,0
MINa,0,0,0,0,0,9,0,0,0,0
MINb,0,0,0,0,0,9,0,0,0,0
Max1CursorKind.BINARY_OPERATOR,0,0,0,0,0,0,0,0,0,1
Max2CursorKind.BINARY_OPERATOR,0,0,0,0,0,0,0,0,0,1
MergeCursorKind.COMPOUND_STMT,1,0,0,0,0,0,0,0,0,0
Mergei,1,0,0,0,0,0,0,0,0,0
Mergej,1,0,0,0,0,0,0,0,0,0
Merges,1,0,0,0,0,0,0,0,0,0
Merget,1,0,0,0,0,0,0,0,0,0
Mergetype,2,0,0,0,0,0,0,0,0,0
MiddleCursorKind.INTEGER_LITERAL,0,0,0,0,0,0,0,0,0,1
Min1CursorKind.INTEGER_LITERAL,0,0,0,0,0,0,0,0,0,1
Min2CursorKind.INTEGER_LITERAL,0,0,0,0,0,0,0,0,0,1
NCursorKind.BINARY_OPERATOR,0,0,0,0,0,2,0,0,0,0
NCursorKind.INTEGER_LITERAL,0,0,0,0,0,7,0,0,0,1
NeCursorKind.INTEGER_LITERAL,0,0,0,0,0,0,0,0,0,2
NodeCursorKind.COMPOUND_STMT,1,0,0,0,0,0,0,0,0,0
Node_x,2,0,0,0,0,0,0,0,0,0
Node_y,2,0,0,0,0,0,0,0,0,0
Nodedx,1,0,0,0,0,0,0,0,0,0
Nodedy,1,0,0,0,0,0,0,0,0,0
Nodeindex,1,0,0,0,0,0,0,0,0,0
Nodeoperator<,2,0,0,0,0,0,0,0,0,0
Nodesamedirection,1,0,0,0,0,0,0,0,0,0
Nodeval,1,0,0,0,0,0,0,0,0,0
Nodex,2,0,0,0,0,0,0,0,0,0
Nodey,2,0,0,0,0,0,0,0,0,0
OutletsCursorKind.INTEGER_LITERAL,0,0,0,0,0,0,0,0,0,2
PCursorKind.INTEGER_LITERAL,0,0,0,0,0,9,0,0,0,1
Pll,0,0,0,0,0,9,0,0,0,0
SCursorKind.INTEGER_LITERAL,0,0,0,0,0,0,0,0,0,2
SolverC,0,0,0,0,0,0,0,0,0,3
SolverCursorKind.COMPOUND_STMT,0,0,0,0,0,0,0,0,0,9
SolverF,0,0,0,0,0,0,0,0,0,2
SolverL,0,0,0,0,0,0,0,0,0,2
SolverM,0,0,0,0,0,0,0,0,0,1
SolverN,0,0,0,0,0,0,0,0,0,7
SolverR,0,0,0,0,0,0,0,0,0,1
SolverX,0,0,0,0,0,0,0,0,0,2
Solverfileout,0,0,0,0,0,0,0,0,0,2
StartEndCursorKind.INTEGER_LITERAL,0,0,0,0,0,0,0,0,0,1
StartOnlyCursorKind.INTEGER_LITERAL,0,0,0,0,0,0,0,0,0,1
StartOnlyNCursorKind.INTEGER_LITERAL,0,0,0,0,0,0,0,0,0,1
TCursorKind.INTEGER_LITERAL,1,0,0,0,0,0,0,0,0,0
TMCursorKind.COMPOUND_STMT,0,0,0,6,0,0,0,0,0,0
WCursorKind.INTEGER_LITERAL,0,0,0,0,0,0,0,0,0,1
XYCursorKind.INTEGER_LITERAL,0,0,0,0,0,0,0,0,0,2
_CursorKind.INTEGER_LITERAL,0,0,0,9,0,8,0,0,0,0
a1CursorKind.CXX_BOOL_LITERAL_EXPR,0,0,0,0,0,0,0,0,1,0
aCursorKind.ARRAY_SUBSCRIPT_EXPR,0,0,0,0,0,1,0,0,0,0
aCursorKind.BINARY_OPERATOR,0,0,0,0,0,0,0,0,1,0
aCursorKind.INIT_LIST_EXPR,1,0,0,0,0,0,0,0,0,0
aCursorKind.INTEGER_LITERAL,2,0,0,7,0,0,2,0,1,0
aLL,1,0,0,0,0,0,0,0,0,0
aN,0,0,0,0,0,2,0,0,0,0
aT,0,0,0,6,0,36,0,0,0,0
aaA,0,1,0,0,0,0,0,0,0,0
aan,0,0,0,0,0,0,1,0,0,0
ab,0,0,0,0,0,1,0,0,0,0
absCursorKind.COMPOUND_STMT,0,0,0,2,0,0,0,0,0,0
absT,0,0,0,4,0,0,0,0,0,0
absx,0,0,0,2,0,0,0,0,0,0
addCursorKind.COMPOUND_STMT,0,0,0,0,0,1,0,0,0,0
addCursorKind.INTEGER_LITERAL,0,0,0,0,0,0,0,1,0,0
adda,0,0,0,0,0,1,0,0,0,0
addb,0,0,0,0,0,1,0,0,0,0
addll,0,0,0,0,0,1,0,0,0,0
addp,0,0,0,0,0,1,0,0,0,0
addxx,0,0,0,0,0,1,0,0,0,0
adot,0,0,0,0,0,1,0,0,0,0
all,0,0,0,3,0,2,0,0,0,0
allsum,0,0,0,0,0,1,0,0,0,0
alphaCursorKind.INIT_LIST_EXPR,0,0,0,0,1,0,0,0,0,0
ansCursorKind.ARRAY_SUBSCRIPT_EXPR,0,0,0,0,0,2,0,0,0,0
ansCursorKind.INTEGER_LITERAL,3,2,0,0,0,3,0,3,2,0
ansCursorKind.UNEXPOSED_EXPR,0,0,0,0,0,3,0,0,0,0
ansINF,1,0,0,0,0,0,0,0,0,0
ansdoit,0,0,0,0,0,2,0,0,0,0
ansll,0,0,0,1,0,3,0,0,0,0
ansoo,0,0,0,0,0,1,0,0,0,0
anssolve,0,0,0,0,0,0,0,2,0,0
astruct dot,0,0,0,0,0,5,0,0,0,0
atCursorKind.BINARY_OPERATOR,0,0,0,0,0,1,0,0,0,0
aull,0,0,0,0,0,0,0,0,1,0
avg2CursorKind.BINARY_OPERATOR,1,0,0,0,0,0,0,0,0,0
avgCursorKind.BINARY_OPERATOR,1,0,0,0,0,1,0,0,0,0
b1CursorKind.BINARY_OPERATOR,0,0,0,0,1,0,0,0,0,0
b1CursorKind.CXX_BOOL_LITERAL_EXPR,0,0,0,0,0,0,0,0,1,0
b2CursorKind.BINARY_OPERATOR,0,0,0,0,1,0,0,0,0,0
bCursorKind.ARRAY_SUBSCRIPT_EXPR,0,0,0,0,0,4,0,0,0,0
bCursorKind.INTEGER_LITERAL,1,0,0,2,0,0,1,0,0,0
bLL,1,0,0,0,0,0,0,0,0,0
bT,0,0,0,4,0,36,0,0,0,0
ba,0,0,0,0,0,2,0,0,0,0
baseCursorKind.INTEGER_LITERAL,1,0,0,0,0,0,0,0,0,0
bestCursorKind.INTEGER_LITERAL,0,0,0,0,0,0,0,0,2,0
bitsCursorKind.COMPOUND_STMT,0,0,0,0,0,0,0,0,1,0
bll,0,0,0,5,0,2,0,0,0,0
breachable,0,0,0,0,1,0,0,0,0,0
bstruct dot,0,0,0,0,0,4,0,0,0,0
buf2CursorKind.INTEGER_LITERAL,1,0,0,0,0,0,0,0,0,0
bufCursorKind.BINARY_OPERATOR,0,0,1,0,0,0,0,0,0,0
bufCursorKind.INTEGER_LITERAL,2,0,1,0,0,0,0,0,0,0
bufcheck,0,0,1,0,0,0,0,0,0,0
bull,0,0,0,0,0,0,0,0,1,0
cACursorKind.INTEGER_LITERAL,1,0,0,0,0,0,0,0,0,0
cCursorKind.CHARACTER_LITERAL,0,0,0,0,0,0,0,2,0,0
caCursorKind.INTEGER_LITERAL,1,0,0,0,0,0,0,0,0,0
caLL,1,0,0,0,0,0,0,0,0,0
canMoveCursorKind.COMPOUND_STMT,0,0,0,0,1,0,0,0,0,0
canMovec1,0,0,0,0,1,0,0,0,0,0
canMovec2,0,0,0,0,1,0,0,0,0,0
canMover1,0,0,0,0,1,0,0,0,0,0
canMover2,0,0,0,0,1,0,0,0,0,0
canMovetime,0,0,0,0,1,0,0,0,0,0
canonCursorKind.COMPOUND_STMT,0,0,0,0,0,0,0,0,1,0
case_idCursorKind.INTEGER_LITERAL,3,0,0,0,0,0,0,0,0,0
ccll,0,0,0,1,0,0,0,0,0,0
chainsizeCursorKind.INTEGER_LITERAL,0,1,0,0,0,0,0,0,0,0
cheatCursorKind.INTEGER_LITERAL,0,0,0,0,0,0,0,0,1,0
check2CursorKind.BINARY_OPERATOR,0,0,1,0,0,0,0,0,0,0
check2CursorKind.COMPOUND_STMT,0,0,2,0,0,0,0,0,0,0
check2count,0,0,1,0,0,0,0,0,0,0
check2i,0,0,1,0,0,0,0,0,0,0
check2ind,0,0,1,0,0,0,0,0,0,0
check2str,0,0,1,0,0,0,0,0,0,0
checkCursorKind.COMPOUND_STMT,0,0,2,0,0,0,0,1,0,0
checkcx,0,0,0,0,0,0,0,2,0,0
checkcy,0,0,0,0,0,0,0,2,0,0
checki,0,0,1,0,0,0,0,0,0,0
checkj,0,0,1,0,0,0,0,0,0,0
checkm,0,0,1,0,0,0,0,0,0,0
checkmaxCursorKind.COMPOUND_STMT,0,0,0,0,0,9,0,0,0,0
checkmaxT,0,0,0,0,0,9,0,0,0,0
checkmaxa,0,0,0,0,0,9,0,0,0,0
checkmaxb,0,0,0,0,0,9,0,0,0,0
checkminCursorKind.COMPOUND_STMT,0,0,0,0,0,9,0,0,0,0
checkminT,0,0,0,0,0,9,0,0,0,0
checkmina,0,0,0,0,0,9,0,0,0,0
checkminb,0,0,0,0,0,9,0,0,0,0
checkn,0,0,1,0,0,0,0,0,0,0
checknew_x,0,0,0,0,0,0,0,2,0,0
checknew_y,0,0,0,0,0,0,0,2,0,0
checkstart_x,0,0,0,0,0,0,0,2,0,0
checkstart_y,0,0,0,0,0,0,0,2,0,0
checkstr,0,0,1,0,0,0,0,0,0,0
checkx,0,0,0,0,0,0,0,2,0,0
checky,0,0,0,0,0,0,0,2,0,0
cinside,0,0,0,0,2,0,0,0,0,0
cmpCursorKind.COMPOUND_STMT,0,0,0,0,0,3,0,0,0,0
cmp_idCursorKind.COMPOUND_STMT,0,0,0,0,0,1,0,0,0,0
cmp_ida,0,0,0,0,0,1,0,0,0,0
cmp_idb,0,0,0,0,0,1,0,0,0,0
cmp_vCursorKind.COMPOUND_STMT,0,0,0,0,0,1,0,0,0,0
cmp_va,0,0,0,0,0,1,0,0,0,0
cmp_vb,0,0,0,0,0,1,0,0,0,0
cmpa,0,0,0,0,0,3,0,0,0,0
cmpb,0,0,0,0,0,3,0,0,0,0
cntCursorKind.INTEGER_LITERAL,3,0,0,0,0,0,0,0,0,0
compareCursorKind.COMPOUND_STMT,0,0,0,0,0,0,0,0,0,1
comparearg1,0,0,0,0,0,0,0,0,0,1
comparearg2,0,0,0,0,0,0,0,0,0,1
countCursorKind.COMPOUND_STMT,0,0,0,0,0,0,0,0,1,0
countCursorKind.INTEGER_LITERAL,0,0,2,0,0,0,0,0,0,0
crmaxn,2,0,0,0,0,0,0,0,0,0
cs,0,0,0,0,0,0,0,1,0,0
csCursorKind.INTEGER_LITERAL,4,0,0,0,0,0,8,0,0,0
csizeCursorKind.INTEGER_LITERAL,0,1,0,0,0,0,0,0,0,0
ctr2CursorKind.INTEGER_LITERAL,0,0,0,0,0,0,1,0,0,0
ctrCursorKind.INTEGER_LITERAL,0,0,0,0,0,0,2,0,0,0
curCursorKind.UNEXPOSED_EXPR,0,0,1,0,0,0,0,0,0,0
cxxc,0,0,0,0,0,0,0,1,0,0
cyyc,0,0,0,0,0,0,0,1,0,0
dCursorKind.BINARY_OPERATOR,0,0,0,1,0,0,0,0,0,0
dCursorKind.INIT_LIST_EXPR,0,0,0,0,1,0,0,0,0,0
dCursorKind.INTEGER_LITERAL,4,0,0,0,1,0,0,0,0,0
dN,0,0,0,0,0,3,0,0,0,0
ddot,0,0,0,0,0,2,0,0,0,0
defA,0,0,0,0,0,1,0,0,0,0
defCursorKind.COMPOUND_STMT,0,0,0,0,0,4,0,0,0,0
defCursorKind.UNEXPOSED_EXPR,0,0,0,0,0,1,0,0,0,0
defp,0,0,0,0,0,2,0,0,0,0
defst,0,0,0,0,0,1,0,0,0,0
deft,0,0,0,0,0,2,0,0,0,0
defv,0,0,0,0,0,2,0,0,0,0
dfsCursorKind.COMPOUND_STMT,0,0,0,1,0,0,1,0,2,0
dfsgraph,0,0,0,0,0,0,0,0,1,0
dfsi,0,0,0,1,0,0,1,0,0,0
dfsk,0,0,0,0,0,0,0,0,1,0
dfsnode,0,0,0,0,0,0,1,0,0,0
dfsparent,0,0,0,0,0,0,0,0,1,0
dfstto,0,0,0,1,0,0,0,0,0,0
dfsv,0,0,0,1,0,0,0,0,0,0
dfsx,0,0,0,0,0,0,0,0,1,0
dfsy,0,0,0,0,0,0,0,0,1,0
diffCursorKind.BINARY_OPERATOR,0,0,0,0,1,0,0,0,0,0
digCursorKind.COMPOUND_STMT,0,0,0,2,0,0,0,0,0,0
digch,0,0,0,2,0,0,0,0,0,0
dimgcd,0,0,0,0,0,0,0,1,0,0
distCursorKind.INTEGER_LITERAL,0,0,0,0,0,0,2,0,0,0
dmaxn,0,0,0,0,1,0,0,0,0,0
doitCursorKind.COMPOUND_STMT,0,0,0,0,0,9,0,0,0,0
doitll,0,0,0,0,0,1,0,0,0,0
dota,0,0,0,0,0,1,0,0,0,0
dotans,0,0,0,0,0,1,0,0,0,0
dotb,0,0,0,0,0,1,0,0,0,0
dotid,0,0,0,0,0,1,0,0,0,0
dotp,0,0,0,0,0,1,0,0,0,0
dott,0,0,0,0,0,1,0,0,0,0
dotv,0,0,0,0,0,1,0,0,0,0
double_compareCursorKind.COMPOUND_STMT,0,0,0,0,0,0,0,0,0,1
double_comparearg1,0,0,0,0,0,0,0,0,0,1
double_comparearg2,0,0,0,0,0,0,0,0,0,1
dp2CursorKind.INTEGER_LITERAL,3,0,0,0,0,0,0,0,0,0
dp2LL,1,0,0,0,0,0,0,0,0,0
dpCursorKind.BINARY_OPERATOR,0,0,0,0,1,1,0,0,0,0
dpCursorKind.COMPOUND_STMT,0,0,0,0,0,0,0,0,1,0
dpCursorKind.INTEGER_LITERAL,2,0,0,0,3,0,0,0,0,0
dpLL,1,0,0,0,0,0,0,0,0,0
dpallCursorKind.INTEGER_LITERAL,1,0,0,0,0,0,0,0,0,0
dpll,0,0,0,0,0,1,0,0,0,0
dponeCursorKind.INTEGER_LITERAL,1,0,0,0,0,0,0,0,0,0
dpp,0,0,0,0,0,0,0,0,1,0
dpua,0,0,0,0,0,0,0,0,1,0
dpub,0,0,0,0,0,0,0,0,1,0
dpuk,0,0,0,0,0,0,0,0,1,0
dpull,0,0,0,0,0,0,0,0,1,0
dstCursorKind.BINARY_OPERATOR,0,0,0,0,2,0,0,0,0,0
dstmaxn,0,0,0,0,2,0,0,0,0,0
dstrCursorKind.UNEXPOSED_EXPR,0,0,0,0,1,0,0,0,0,0
dstruct dot,0,0,0,0,0,2,0,0,0,0
dtCursorKind.BINARY_OPERATOR,0,0,0,0,0,2,0,0,0,0
dtll,0,0,0,0,0,2,0,0,0,0
dxCursorKind.INIT_LIST_EXPR,0,0,1,0,0,0,1,0,0,0
dxCursorKind.INTEGER_LITERAL,0,0,1,0,0,0,0,0,0,0
dxmaxn,0,0,0,0,1,0,0,0,0,0
dyCursorKind.INIT_LIST_EXPR,0,0,1,0,0,0,1,0,0,0
dyCursorKind.INTEGER_LITERAL,0,0,1,0,0,0,0,0,0,0
emptyCursorKind.BINARY_OPERATOR,0,0,0,0,0,0,0,0,1,0
epsCursorKind.FLOATING_LITERAL,0,0,6,0,3,9,0,0,0,0
eqCursorKind.INTEGER_LITERAL,0,0,0,0,0,0,0,0,1,0
fCursorKind.BINARY_OPERATOR,0,0,0,0,1,0,0,0,0,0
fCursorKind.INTEGER_LITERAL,0,0,0,0,0,1,0,0,0,0
fIOCursorKind.COMPOUND_STMT,0,0,0,6,0,0,0,0,0,0
fIOfn,0,0,0,10,0,0,0,0,0,0
failCursorKind.CXX_BOOL_LITERAL_EXPR,0,0,0,0,0,0,0,0,1,0
fcmpCursorKind.BINARY_OPERATOR,0,0,0,0,0,1,0,0,0,0
fcmpCursorKind.COMPOUND_STMT,0,0,0,0,0,1,0,0,0,0
fcmpa,0,0,0,0,0,1,0,0,0,0
fcmpb,0,0,0,0,0,1,0,0,0,0
fcmpv,0,0,0,0,0,1,0,0,0,0
feell,0,0,0,0,0,1,0,0,0,0
ffCursorKind.INTEGER_LITERAL,0,0,0,1,0,0,0,0,0,0
find_set2CursorKind.COMPOUND_STMT,0,0,0,0,0,0,0,1,0,0
find_set2a,0,0,0,0,0,0,0,1,0,0
find_set2b,0,0,0,0,0,0,0,1,0,0
find_set2v,0,0,0,0,0,0,0,1,0,0
find_setCursorKind.COMPOUND_STMT,0,0,0,0,0,0,0,1,0,0
find_seta,0,0,0,0,0,0,0,1,0,0
find_setb,0,0,0,0,0,0,0,1,0,0
find_setv,0,0,0,0,0,0,0,1,0,0
findbestCursorKind.COMPOUND_STMT,0,0,0,0,0,0,0,0,1,0
findbestbest,0,0,0,0,0,0,0,0,1,0
findbestbpath,0,0,0,0,0,0,0,0,1,0
findbesti,0,0,0,0,0,0,0,0,1,0
findbestpath,0,0,0,0,0,0,0,0,1,0
fullCursorKind.PAREN_EXPR,0,0,0,0,0,0,0,0,1,0
fullrowsCursorKind.PAREN_EXPR,0,0,0,0,0,0,0,0,1,0
gCursorKind.INTEGER_LITERAL,0,0,0,0,0,2,0,0,0,0
gcdCursorKind.BINARY_OPERATOR,0,0,0,0,0,0,0,2,0,0
gcdCursorKind.COMPOUND_STMT,0,0,0,2,0,0,0,1,0,0
gcdT,0,0,0,4,0,0,0,0,0,0
gcda,0,0,0,2,0,0,0,1,0,0
gcdb,0,0,0,2,0,0,0,1,0,0
getCursorKind.COMPOUND_STMT,0,0,0,0,0,1,0,0,0,0
goCursorKind.COMPOUND_STMT,0,0,0,1,0,0,0,0,0,0
goll,0,0,0,1,0,0,0,0,0,0
gox,0,0,0,1,0,0,0,0,0,0
goy,0,0,0,1,0,0,0,0,0,0
gridCursorKind.INTEGER_LITERAL,0,0,0,0,0,0,2,0,0,0
haveCursorKind.BINARY_OPERATOR,0,0,0,0,1,0,0,0,0,0
hereCursorKind.UNEXPOSED_EXPR,0,0,0,0,0,0,1,0,0,0
hiCursorKind.UNEXPOSED_EXPR,0,0,0,0,2,0,0,0,0,0
himaxn,0,0,0,0,2,0,0,0,0,0
hr,0,0,0,0,1,0,0,0,0,0
iA,0,0,0,0,0,1,0,0,0,0
iCursorKind.BINARY_OPERATOR,1,1,0,0,0,0,0,1,1,0
iCursorKind.INTEGER_LITERAL,19,10,7,14,12,3,16,5,6,2
iCursorKind.UNARY_OPERATOR,1,0,0,1,0,0,0,0,0,0
iIOCursorKind.COMPOUND_STMT,0,0,0,6,0,0,0,0,0,0
iT,0,0,0,2,0,0,0,0,0,0
ia,1,0,0,0,0,0,0,1,0,0
idCursorKind.ARRAY_SUBSCRIPT_EXPR,0,0,0,0,0,1,0,0,0,0
ida,0,0,0,0,0,1,0,0,0,0
idb,0,0,0,0,0,1,0,0,0,0
iin,0,0,0,0,0,0,0,1,0,0
il,0,0,0,1,0,0,0,0,0,0
ilo,0,0,0,0,1,0,0,0,0,0
"in""ejp mysljylc kd kxveddknmc re jsicpdrysirbcpc ypc rtcsra dkh wyfrepkym veddknkmkrkcdde kr kd eoya kw aej tysr re ujdr lkgc jv""",0,0,0,0,0,0,0,1,0,0
indCursorKind.UNARY_OPERATOR,0,0,0,0,0,0,1,0,0,0
indexCursorKind.ARRAY_SUBSCRIPT_EXPR,4,0,0,0,0,0,0,0,0,0
indexCursorKind.INTEGER_LITERAL,1,0,0,0,0,0,0,0,0,0
initCursorKind.COMPOUND_STMT,1,0,0,0,0,0,0,0,0,0
insiderect,0,0,0,0,1,0,0,0,0,0
insidestruct rect,0,0,0,0,1,0,0,0,0,0
inttostrCursorKind.COMPOUND_STMT,0,4,0,0,0,0,0,0,0,0
invCursorKind.INTEGER_LITERAL,0,0,0,0,0,0,1,0,0,0
is,1,0,0,0,0,0,0,0,0,0
isAlphaCursorKind.COMPOUND_STMT,0,0,0,2,0,0,0,0,0,0
isAlphach,0,0,0,2,0,0,0,0,0,0
isDigitCursorKind.COMPOUND_STMT,0,0,0,2,0,0,0,0,0,0
isDigitch,0,0,0,2,0,0,0,0,0,0
isLowerCaseCursorKind.COMPOUND_STMT,0,0,0,2,0,0,0,0,0,0
isLowerCasech,0,0,0,2,0,0,0,0,0,0
isPrimeCursorKind.COMPOUND_STMT,0,0,0,2,0,0,0,0,0,0
isPrimeT,0,0,0,2,0,0,0,0,0,0
isPrimen,0,0,0,2,0,0,0,0,0,0
isUpperCaseCursorKind.COMPOUND_STMT,0,0,0,2,0,0,0,0,0,0
isUpperCasech,0,0,0,2,0,0,0,0,0,0
iy,0,0,0,1,0,0,0,0,0,0
jCursorKind.BINARY_OPERATOR,1,1,0,0,0,0,1,2,0,0
jCursorKind.INTEGER_LITERAL,7,1,4,1,5,0,4,1,4,1
jCursorKind.UNARY_OPERATOR,1,0,0,0,0,0,0,0,0,0
ji,1,0,0,0,0,0,0,0,0,0
k1CursorKind.CXX_BOOL_LITERAL_EXPR,0,0,0,0,0,0,0,0,1,0
kCursorKind.INTEGER_LITERAL,2,0,0,0,0,0,0,0,0,0
ki,0,0,0,0,0,0,0,1,0,0
kj,2,0,0,0,0,0,0,0,0,0
kkCursorKind.CSTYLE_CAST_EXPR,0,0,0,2,0,0,0,0,0,0
kkT,0,0,0,2,0,0,0,0,0,0
kkll,0,0,0,2,0,0,0,0,0,0
kolCursorKind.UNEXPOSED_EXPR,0,0,1,0,0,0,0,0,0,0
kpCursorKind.UNEXPOSED_EXPR,0,1,0,0,0,0,0,0,0,0
kp_wCursorKind.BINARY_OPERATOR,0,1,0,0,0,0,0,0,0,0
kull,0,0,0,0,0,0,0,0,1,0
lcmCursorKind.COMPOUND_STMT,0,0,0,2,0,0,0,0,0,0
lcmT,0,0,0,4,0,0,0,0,0,0
lcma,0,0,0,2,0,0,0,0,0,0
lcmb,0,0,0,2,0,0,0,0,0,0
lesssCursorKind.COMPOUND_STMT,0,0,0,0,0,0,0,1,0,0
lesssa,0,0,0,0,0,0,0,1,0,0
lesssb,0,0,0,0,0,0,0,1,0,0
lmaxn,0,0,0,0,1,0,0,0,0,0
loCursorKind.UNEXPOSED_EXPR,0,0,0,0,2,0,0,0,0,0
lomaxn,0,0,0,0,2,0,0,0,0,0
lowerCaseCursorKind.COMPOUND_STMT,0,0,0,4,0,0,0,0,0,0
lowerCasech,0,0,0,2,0,0,0,0,0,0
mCursorKind.UNEXPOSED_EXPR,0,0,0,0,0,0,1,0,0,0
mainCursorKind.COMPOUND_STMT,9,7,5,9,8,9,8,8,9,9
mainargc,0,0,0,0,0,0,0,4,0,9
mainargv,0,0,0,0,0,0,0,4,0,9
makeCursorKind.UNEXPOSED_EXPR,0,0,0,0,0,0,0,0,1,0
make_setCursorKind.COMPOUND_STMT,0,0,0,0,0,0,0,1,0,0
make_setv,0,0,0,0,0,0,0,1,0,0
mapCursorKind.INIT_LIST_EXPR,0,0,0,0,0,0,0,3,0,0
mapCursorKind.INTEGER_LITERAL,0,0,0,0,0,0,0,3,0,0
maxCursorKind.INTEGER_LITERAL,0,0,0,0,0,0,0,0,0,1
max_jCursorKind.INTEGER_LITERAL,0,1,0,0,0,0,0,0,0,0
max_wCursorKind.UNARY_OPERATOR,0,1,0,0,0,0,0,0,0,0
maxnCursorKind.BINARY_OPERATOR,3,0,0,0,1,0,0,0,0,0
maxnCursorKind.INTEGER_LITERAL,0,0,0,0,6,0,0,0,0,0
maxvCursorKind.BINARY_OPERATOR,0,0,0,0,1,0,0,0,0,0
maxvalCursorKind.INTEGER_LITERAL,0,0,0,0,0,0,2,0,0,0
midCursorKind.BINARY_OPERATOR,0,0,0,0,1,0,0,0,0,0
minCursorKind.FLOATING_LITERAL,1,0,0,0,0,0,0,0,0,0
min_mCursorKind.UNEXPOSED_EXPR,0,1,0,0,0,0,0,0,0,0
mlCursorKind.INTEGER_LITERAL,0,0,0,0,0,0,0,1,0,0
mll,0,0,0,1,0,0,0,0,0,0
mnCursorKind.INTEGER_LITERAL,0,0,0,0,0,0,0,0,1,0
modCursorKind.UNEXPOSED_EXPR,0,0,4,0,0,0,0,0,0,0
moneyll,0,0,0,0,0,1,0,0,0,0
moveCursorKind.COMPOUND_STMT,0,0,0,0,0,0,0,1,0,0
movei,0,0,0,0,0,0,0,1,0,0
movej,0,0,0,0,0,0,0,1,0,0
movex,0,0,0,0,0,0,0,1,0,0
movey,0,0,0,0,0,0,0,1,0,0
mskCursorKind.INTEGER_LITERAL,0,0,0,1,0,0,0,0,0,0
mxCursorKind.INTEGER_LITERAL,0,0,0,0,0,0,0,0,1,0
mxll,0,0,0,1,0,0,0,0,0,0
mxmaxn,0,0,0,0,1,0,0,0,0,0
nT,0,0,0,2,0,0,0,0,0,0
ncaseCursorKind.INTEGER_LITERAL,0,0,0,0,0,0,0,0,9,0
ndNode,1,0,0,0,0,0,0,0,0,0
ndstruct Node,4,0,0,0,0,0,0,0,0,0
neqCursorKind.INTEGER_LITERAL,0,0,0,0,0,0,0,0,1,0
new_xcx,0,0,0,0,0,0,0,1,0,0
new_ycy,0,0,0,0,0,0,0,1,0,0
nhalfCursorKind.INTEGER_LITERAL,0,0,0,0,0,0,0,0,1,0
nll,0,0,0,1,0,0,0,0,0,0
nnumlen,0,0,0,0,1,0,0,0,0,0
numCursorKind.INTEGER_LITERAL,0,0,0,0,0,2,0,0,0,1
numa,0,1,0,0,0,0,0,0,0,0
numlenCursorKind.COMPOUND_STMT,0,0,0,0,1,0,0,0,0,0
numlenlo,0,0,0,0,1,0,0,0,0,0
numlenval,0,0,0,0,1,0,0,0,0,0
numlenx,0,0,0,0,1,0,0,0,0,0
okCursorKind.CXX_BOOL_LITERAL_EXPR,2,0,0,0,1,0,0,0,0,0
okCursorKind.INTEGER_LITERAL,0,0,0,0,0,1,2,0,0,0
oksolve,0,0,0,0,1,0,0,0,0,0
ooCursorKind.BINARY_OPERATOR,0,0,0,0,0,9,0,0,0,0
ooll,0,0,0,0,0,1,0,0,0,0
oou,0,0,0,0,0,0,0,1,0,0
operator()CursorKind.BINARY_OPERATOR,0,0,0,0,0,0,0,0,1,0
operator()a,0,0,0,0,0,0,0,0,1,0
operator()solve,0,0,0,0,0,0,0,0,2,0
operator<CursorKind.COMPOUND_STMT,2,0,0,0,1,0,0,0,0,0
operator<nd,2,0,0,0,0,0,0,0,0,0
operator<r,0,0,0,0,1,0,0,0,0,0
otherCursorKind.COMPOUND_STMT,0,0,0,0,0,1,0,0,0,0
otherll,0,0,0,0,0,1,0,0,0,0
"ou""our language is impossible to understandthere are twenty six factorial possibilitiesso it is okay if you want to just give up""",0,0,0,0,0,0,0,1,0,0
outfee,0,0,0,0,0,1,0,0,0,0
outll,0,0,0,0,0,1,0,0,0,0
outtaCursorKind.NULL_STMT,0,0,0,0,0,0,0,0,1,0
p2CursorKind.UNEXPOSED_EXPR,0,0,0,0,0,0,0,1,0,0
pCursorKind.ARRAY_SUBSCRIPT_EXPR,0,0,0,0,0,6,0,0,0,0
pN,0,0,0,0,0,2,0,0,0,0
pa,0,0,0,0,0,1,0,0,0,0
packCursorKind.COMPOUND_STMT,0,0,0,0,0,0,0,1,0,0
packa,0,0,0,0,0,0,0,1,0,0
packb,0,0,0,0,0,0,0,1,0,0
pb,0,0,0,0,0,1,0,0,0,0
pcCursorKind.BINARY_OPERATOR,0,0,0,0,1,0,0,0,0,0
picll,0,0,0,0,0,1,0,0,0,0
picp,0,0,0,0,0,1,0,0,0,0
pll,0,0,0,0,0,3,0,0,0,0
pmaxn,0,0,0,0,1,0,0,0,0,0
ppowCursorKind.COMPOUND_STMT,0,0,0,2,0,0,0,0,0,0
ppowCursorKind.UNEXPOSED_EXPR,0,1,0,0,0,0,0,0,0,0
ppowT,0,0,0,4,0,0,0,0,0,0
ppowa,0,0,0,2,0,0,0,0,0,0
ppowb,0,0,0,2,0,0,0,0,0,0
predCursorKind.INTEGER_LITERAL,0,0,0,0,0,0,1,0,0,0
ptCursorKind.COMPOUND_STMT,0,0,0,0,0,1,0,0,0,0
ptCursorKind.UNEXPOSED_EXPR,0,0,0,0,0,1,0,0,0,0
pti,0,0,0,0,0,1,0,0,0,0
ptid,0,0,0,0,0,1,0,0,0,0
ptrCursorKind.INTEGER_LITERAL,0,0,1,0,0,0,0,0,0,0
pushCursorKind.INTEGER_LITERAL,0,0,0,0,1,0,0,0,0,0
pwCursorKind.INTEGER_LITERAL,0,0,0,0,1,0,0,0,0,0
qCursorKind.INTEGER_LITERAL,0,0,0,2,0,0,0,0,0,0
qqll,0,0,0,1,0,0,0,0,0,0
r1CursorKind.INTEGER_LITERAL,0,0,0,0,0,0,0,0,0,1
r2CursorKind.INTEGER_LITERAL,0,0,0,0,0,0,0,0,0,1
rCursorKind.UNEXPOSED_EXPR,0,0,0,0,0,0,1,0,0,0
reachableCursorKind.COMPOUND_STMT,0,0,0,0,1,0,0,0,1,0
reachablei,0,0,0,0,0,0,0,0,1,0
reachablej,0,0,0,0,0,0,0,0,1,0
reachablemid,0,0,0,0,1,0,0,0,0,0
reachablewaiting,0,0,0,0,1,0,0,0,0,0
readCursorKind.COMPOUND_STMT,0,0,0,0,0,1,0,0,0,0
rearrangeCursorKind.COMPOUND_STMT,0,0,0,0,0,0,0,0,1,0
recCursorKind.COMPOUND_STMT,0,0,0,0,0,0,0,0,0,1
recCursorKind.UNARY_OPERATOR,0,0,0,0,0,0,0,0,0,1
recCursorKind.UNEXPOSED_EXPR,0,0,0,0,0,0,0,0,0,2
reci,0,0,0,0,0,0,0,0,0,1
recnum,0,0,0,0,0,0,0,0,0,3
rectCursorKind.COMPOUND_STMT,0,0,0,0,2,0,0,0,0,0
rectc,0,0,0,0,1,0,0,0,0,0
recth,0,0,0,0,1,0,0,0,0,0
rectoperator<,0,0,0,0,1,0,0,0,0,0
rectp1,0,0,0,0,1,0,0,0,0,0
rectp2,0,0,0,0,1,0,0,0,0,0
rectp3,0,0,0,0,1,0,0,0,0,0
rectp4,0,0,0,0,1,0,0,0,0,0
rectr,0,0,0,0,1,0,0,0,0,0
rectw,0,0,0,0,1,0,0,0,0,0
recup,0,0,0,0,0,0,0,0,0,1
remCursorKind.PAREN_EXPR,0,0,0,0,0,0,0,0,1,0
res1CursorKind.INTEGER_LITERAL,0,0,0,0,0,0,0,0,0,1
res2CursorKind.INTEGER_LITERAL,0,0,0,0,0,0,0,0,0,1
resCursorKind.BINARY_OPERATOR,0,0,1,0,0,0,0,0,0,0
resCursorKind.CXX_BOOL_LITERAL_EXPR,0,0,2,0,0,0,0,0,0,0
resCursorKind.FLOATING_LITERAL,0,0,0,0,0,0,0,0,0,1
resCursorKind.INTEGER_LITERAL,2,0,2,0,0,0,0,0,0,0
resCursorKind.UNEXPOSED_EXPR,4,0,0,0,0,0,0,0,0,0
resLL,3,0,0,0,0,0,0,0,0,0
ressCursorKind.BINARY_OPERATOR,0,0,1,0,0,0,0,0,0,0
ressolve,1,0,0,0,0,0,0,0,0,0
retCursorKind.INTEGER_LITERAL,0,0,0,2,1,1,0,0,0,0
retT,0,0,0,2,0,0,0,0,0,0
retll,0,0,0,2,0,0,0,0,0,0
rinside,0,0,0,0,2,0,0,0,0,0
rmaxn,0,0,0,0,1,0,0,0,0,0
rootCursorKind.INTEGER_LITERAL,0,0,0,0,0,0,0,0,1,0
rotateCursorKind.COMPOUND_STMT,0,0,0,0,0,0,0,1,0,0
rotatecx,0,0,0,0,0,0,0,4,0,0
rotatecy,0,0,0,0,0,0,0,3,0,0
rotatenew_x,0,0,0,0,0,0,0,4,0,0
rotatenew_y,0,0,0,0,0,0,0,3,0,0
rotatestart_x,0,0,0,0,0,0,0,4,0,0
rotatestart_y,0,0,0,0,0,0,0,3,0,0
rotatex,0,0,0,0,0,0,0,4,0,0
rotatey,0,0,0,0,0,0,0,3,0,0
rrCursorKind.INTEGER_LITERAL,0,0,0,1,0,0,0,0,0,0
rstruct rect,0,0,0,0,1,0,0,0,0,0
rtest,1,0,0,0,0,0,0,0,0,0
s1CursorKind.INTEGER_LITERAL,0,0,0,0,1,0,0,0,0,0
s2CursorKind.UNEXPOSED_EXPR,1,0,0,0,0,0,0,0,0,0
sCursorKind.BINARY_OPERATOR,0,0,0,0,0,2,0,0,0,0
sCursorKind.INTEGER_LITERAL,0,0,0,0,0,1,0,3,1,0
sIOCursorKind.COMPOUND_STMT,0,0,0,6,0,0,0,0,0,0
samedirectionCursorKind.COMPOUND_STMT,1,0,0,0,0,0,0,0,0,0
samedirectionnd,1,0,0,0,0,0,0,0,0,0
selCursorKind.INTEGER_LITERAL,0,0,0,0,1,0,0,0,0,0
sf,0,0,0,0,1,0,0,0,0,0
sgnCursorKind.BINARY_OPERATOR,0,0,0,0,0,1,0,0,0,0
sgnCursorKind.COMPOUND_STMT,0,0,0,0,0,1,0,0,0,0
sgnx,0,0,0,0,0,1,0,0,0,0
solCursorKind.FLOATING_LITERAL,0,0,0,0,1,0,0,0,0,0
solCursorKind.INTEGER_LITERAL,0,0,0,0,2,0,0,0,0,0
solveCursorKind.BINARY_OPERATOR,0,0,0,0,5,0,0,6,0,0
solveCursorKind.COMPOUND_STMT,3,7,0,0,1,0,0,8,1,0
solveCursorKind.CXX_BOOL_LITERAL_EXPR,0,0,0,0,4,0,0,0,0,0
solveCursorKind.INTEGER_LITERAL,0,0,0,0,2,0,0,0,0,0
solveCursorKind.UNEXPOSED_EXPR,0,0,0,0,0,0,0,0,1,0
solveLL,1,0,0,0,0,0,0,0,0,0
solve_pCursorKind.BINARY_OPERATOR,0,2,0,0,0,0,0,0,0,0
solve_pCursorKind.COMPOUND_STMT,0,1,0,0,0,0,0,0,0,0
solve_pCursorKind.INTEGER_LITERAL,0,1,0,0,0,0,0,0,0,0
solve_pfirst,0,1,0,0,0,0,0,0,0,0
solve_plast,0,2,0,0,0,0,0,0,0,0
solve_pmax_int,0,2,0,0,0,0,0,0,0,0
solvedx,0,0,0,0,1,0,0,0,0,0
solvefirst,0,0,0,0,3,0,0,0,0,0
solvei,1,0,0,0,0,0,0,0,0,0
solvesecond,0,0,0,0,3,0,0,0,0,0
solvesum,0,0,0,0,2,0,0,0,0,0
solvet,0,0,0,0,0,0,0,6,0,0
solvev,0,0,0,0,0,0,0,0,1,0
solxmaxn,0,0,0,0,1,0,0,0,0,0
solymaxn,0,0,0,0,1,0,0,0,0,0
speedCursorKind.FLOATING_LITERAL,0,0,0,0,0,0,0,0,1,0
sqrCursorKind.COMPOUND_STMT,0,0,0,2,0,1,0,0,0,0
sqrT,0,0,0,4,0,0,0,0,0,0
sqrx,0,0,0,2,0,1,0,0,0,0
stCursorKind.BINARY_OPERATOR,0,0,0,0,0,1,0,0,0,0
stCursorKind.INTEGER_LITERAL,0,0,1,2,0,0,0,0,0,0
starsCursorKind.INTEGER_LITERAL,0,0,0,0,0,0,0,1,0,0
start_xxc,0,0,0,0,0,0,0,1,0,0
start_yyc,0,0,0,0,0,0,0,1,0,0
startonesCursorKind.INTEGER_LITERAL,0,0,0,0,0,0,0,0,1,0
stateCursorKind.ARRAY_SUBSCRIPT_EXPR,0,0,0,0,1,0,0,0,0,0
stepsCursorKind.INIT_LIST_EXPR,0,0,0,0,0,0,0,1,0,0
stepsCursorKind.INTEGER_LITERAL,0,0,0,0,0,0,0,2,0,0
sumCursorKind.COMPOUND_STMT,0,0,0,0,0,1,0,0,0,0
sumCursorKind.INTEGER_LITERAL,3,0,0,0,0,0,0,0,0,0
sumCursorKind.UNEXPOSED_EXPR,0,0,0,0,0,1,0,0,0,0
sumLL,1,0,0,0,0,0,0,0,0,0
sumi,0,0,0,0,0,3,0,0,0,0
sumid,0,0,0,0,0,1,0,0,0,0
summaxn,0,0,0,0,1,0,0,0,0,0
surviveCursorKind.COMPOUND_STMT,0,0,0,0,1,0,0,0,0,0
survivedx,0,0,0,0,1,0,0,0,0,0
survivei,0,0,0,0,1,0,0,0,0,0
survivemid,0,0,0,0,1,0,0,0,0,0
survivep,0,0,0,0,1,0,0,0,0,0
swapCursorKind.COMPOUND_STMT,0,0,0,8,0,0,0,0,0,0
swapa,0,0,0,8,0,0,0,0,0,0
swapb,0,0,0,8,0,0,0,0,0,0
szCursorKind.COMPOUND_STMT,0,0,0,0,0,0,0,0,1,0
szCursorKind.INTEGER_LITERAL,0,0,0,0,1,0,1,0,0,0
szcCursorKind.COMPOUND_STMT,0,0,0,0,1,0,0,0,0,0
szcx,0,0,0,0,1,0,0,0,0,0
szcy,0,0,0,0,1,0,0,0,0,0
szgraph,0,0,0,0,0,0,0,0,1,0
szparent,0,0,0,0,0,0,0,0,1,0
szx,0,0,0,0,0,0,0,0,1,0
t1CursorKind.BINARY_OPERATOR,0,0,0,0,0,0,1,0,0,0
t2CursorKind.BINARY_OPERATOR,1,0,0,0,0,0,0,0,0,0
t3CursorKind.UNEXPOSED_EXPR,1,0,0,0,0,0,0,0,0,0
tCursorKind.ARRAY_SUBSCRIPT_EXPR,0,0,0,0,0,4,0,0,0,0
tCursorKind.FLOATING_LITERAL,0,0,0,0,0,0,0,0,1,0
tCursorKind.INTEGER_LITERAL,0,0,2,0,8,0,0,8,0,0
tCursorKind.UNEXPOSED_EXPR,0,0,1,0,0,0,1,0,0,0
tLL,1,0,0,0,0,0,0,0,0,0
tN,0,0,0,0,0,1,0,0,0,0
ta,0,0,0,0,0,2,0,0,0,0
tb,0,0,0,0,0,2,0,0,0,0
tcCursorKind.INTEGER_LITERAL,0,5,0,0,0,0,0,0,0,0
testCursorKind.COMPOUND_STMT,1,0,0,0,0,1,0,0,0,0
testCursorKind.INTEGER_LITERAL,0,0,1,0,0,0,0,0,0,0
test_caseCursorKind.INTEGER_LITERAL,0,1,0,0,0,0,0,0,0,0
testi,0,0,0,0,0,1,0,0,0,0
testt,0,0,0,0,0,1,0,0,0,0
tf,0,0,0,0,1,0,0,0,0,0
tll,0,0,0,0,0,3,0,0,0,0
tmaxn,0,0,0,0,1,0,0,0,0,0
tmpCursorKind.BINARY_OPERATOR,0,0,0,0,0,0,1,0,0,0
tmpa,0,1,0,0,0,0,0,0,0,0
tmpmaxn,0,0,0,0,1,0,0,0,0,0
toCursorKind.INTEGER_LITERAL,0,0,0,0,0,1,0,0,0,0
toaCursorKind.COMPOUND_STMT,0,0,0,2,0,0,0,0,0,0
toaT,0,0,0,2,0,0,0,0,0,0
toiCursorKind.COMPOUND_STMT,0,0,0,2,0,0,0,0,0,0
tois,0,0,0,2,0,0,0,0,0,0
tolCursorKind.COMPOUND_STMT,0,0,0,2,0,0,0,0,0,0
toleftpush,0,0,0,0,1,0,0,0,0,0
tolll,0,0,0,2,0,0,0,0,0,0
tols,0,0,0,2,0,0,0,0,0,0
toposortCursorKind.INTEGER_LITERAL,0,0,0,0,0,0,1,0,0,0
tpCursorKind.INIT_LIST_EXPR,0,1,0,0,0,0,0,0,0,0
trCursorKind.CXX_BOOL_LITERAL_EXPR,0,0,0,0,0,0,0,0,1,0
tsolve,1,0,0,0,0,0,0,0,0,0
ttCursorKind.INTEGER_LITERAL,0,0,2,0,0,0,0,0,0,0
twoCursorKind.INTEGER_LITERAL,0,0,0,0,0,0,0,0,1,0
tx1cx,0,0,0,0,0,0,0,1,0,0
tx2cx,0,0,0,0,0,0,0,1,0,0
ty1cy,0,0,0,0,0,0,0,1,0,0
ty2cy,0,0,0,0,0,0,0,1,0,0
typeCursorKind.UNEXPOSED_EXPR,2,0,0,0,0,0,0,0,0,0
union_sets2CursorKind.COMPOUND_STMT,0,0,0,0,0,0,0,1,0,0
union_sets2a,0,0,0,0,0,0,0,1,0,0
union_sets2b,0,0,0,0,0,0,0,1,0,0
union_setsCursorKind.COMPOUND_STMT,0,0,0,0,0,0,0,1,0,0
union_setsa,0,0,0,0,0,0,0,1,0,0
union_setsb,0,0,0,0,0,0,0,1,0,0
unpackCursorKind.COMPOUND_STMT,0,0,0,0,0,0,0,1,0,0
upperCaseCursorKind.COMPOUND_STMT,0,0,0,4,0,0,0,0,0,0
upperCasech,0,0,0,2,0,0,0,0,0,0
usedCursorKind.INIT_LIST_EXPR,0,0,0,0,0,0,0,1,0,0
usedCursorKind.INTEGER_LITERAL,0,0,0,0,0,0,0,1,0,0
vCursorKind.ARRAY_SUBSCRIPT_EXPR,0,0,0,0,0,4,0,0,0,0
vN,0,0,0,0,0,1,0,0,0,0
va,0,0,0,0,0,1,0,0,0,0
valCursorKind.ARRAY_SUBSCRIPT_EXPR,2,0,0,0,0,0,0,0,0,0
valCursorKind.BINARY_OPERATOR,0,0,0,0,1,0,0,0,0,0
valCursorKind.INTEGER_LITERAL,0,0,0,0,0,0,0,0,0,1
validCursorKind.CXX_BOOL_LITERAL_EXPR,0,0,0,0,0,0,1,0,0,0
valnd,1,0,0,0,0,0,0,0,0,0
vb,0,0,0,0,0,1,0,0,0,0
visCursorKind.CXX_BOOL_LITERAL_EXPR,1,0,0,0,0,0,0,0,0,0
visCursorKind.INTEGER_LITERAL,1,0,0,0,0,0,0,0,0,0
visingmaxn,1,0,0,0,0,0,0,0,0,0
visitedmaxn,0,0,0,0,2,0,0,0,0,0
vismaxn,1,0,0,0,0,0,0,0,0,0
vt,0,0,0,0,0,1,0,0,0,0
wCursorKind.INTEGER_LITERAL,0,0,0,4,0,0,0,0,0,0
wantonesCursorKind.INTEGER_LITERAL,0,0,0,0,0,0,0,0,1,0
wasCursorKind.INTEGER_LITERAL,0,0,0,0,1,0,0,0,0,0
winCursorKind.INTEGER_LITERAL,0,0,0,0,0,0,0,0,1,0
wll,0,0,0,1,0,0,0,0,0,0
wr,0,0,0,0,1,0,0,0,0,0
wsurvive,0,0,0,0,1,0,0,0,0,0
xCursorKind.INTEGER_LITERAL,0,0,0,0,0,0,2,0,0,0
xCursorKind.UNEXPOSED_EXPR,0,0,0,0,1,0,0,0,0,0
xT,0,0,0,4,0,0,0,0,0,0
xmaxn,0,0,0,0,2,0,0,0,0,0
xnd,4,0,0,0,0,0,0,0,0,0
xxCursorKind.COMPOUND_STMT,0,0,0,0,0,1,0,0,0,0
xxa,0,0,0,0,0,1,0,0,0,0
xxb,0,0,0,0,0,1,0,0,0,0
xxdp,0,0,0,0,0,5,0,0,0,0
xxdt,0,0,0,0,0,6,0,0,0,0
xxll,0,0,0,0,0,1,0,0,0,0
xxp,0,0,0,0,0,1,0,0,0,0
xxpic,0,0,0,0,0,1,0,0,0,0
xxt,0,0,0,0,0,1,0,0,0,0
ynd,3,0,0,0,0,0,0,0,0,0
zCursorKind.INTEGER_LITERAL,0,0,0,0,0,0,0,1,0,0
zeroCursorKind.INTEGER_LITERAL,1,0,0,0,0,0,0,0,0,0
